ID	Description	setSize	enrichmentScore	NES	pvalue	p.adjust	qvalue	rank	leading_edge	core_enrichment
hsa04931	Insulin resistance	101	-0.681506172344472	-2.25603987648392	0.000603139423812396	0.0659789357594583	0.0585875877664111	410	tags=8%, list=2%, signal=8%	110117499/57761/9021/1375/10000/9586/10891/2998
hsa04152	AMPK signaling pathway	112	-0.66326535986266	-2.23557312535502	0.00095140359444535	0.0659789357594583	0.0585875877664111	639	tags=8%, list=4%, signal=8%	3479/5522/110117499/1375/10000/5207/9586/10891/2998
hsa00500	Starch and sucrose metabolism	30	-0.809579563883213	-2.23515266732126	0.000311382410917141	0.0659789357594583	0.0585875877664111	418	tags=10%, list=3%, signal=10%	276/277/2998
hsa05330	Allograft rejection	23	-0.71916745446842	-1.87535911965433	0.000765952405203558	0.0659789357594583	0.0585875877664111	3249	tags=75%, list=20%, signal=60%	3133/3117/3127/3108/3119/3113/355/7124/3111/3112/3117/3134/3123/3592/3122/942/3115/3109
hsa05320	Autoimmune thyroid disease	22	-0.713463082011739	-1.82959139997359	0.0011676290704481	0.0659789357594583	0.0585875877664111	3249	tags=74%, list=20%, signal=60%	3133/3117/3127/3108/3119/7038/3113/355/3111/3112/3117/3134/3123/3122/942/3115/3109
hsa04934	Cushing syndrome	125	0.505348711240234	1.82525443213684	0.00143878289685136	0.0659789357594583	0.0585875877664111	1542	tags=17%, list=9%, signal=16%	8622/7481/816/7475/50940/5330/7476/11211/7473/23236/81029/2535/196883/3709/113/6932/8085/8324/1030/776/4297/949
hsa05032	Morphine addiction	59	0.562041761521118	1.8220339270039	0.000653885729413415	0.0659789357594583	0.0585875877664111	1585	tags=22%, list=10%, signal=20%	8622/9568/2562/50940/2550/54331/5579/196883/113/140679/5150/27115/3762
hsa00591	Linoleic acid metabolism	18	-0.738663498925093	-1.81560777011987	0.00147438962590968	0.0659789357594583	0.0585875877664111	1917	tags=33%, list=12%, signal=30%	8398/8605/1576/151056/50487/100137049
hsa05310	Asthma	14	-0.787560924252472	-1.81768022386808	0.00238999223190913	0.0831109297506265	0.0738003551446316	3098	tags=87%, list=19%, signal=71%	3117/3127/3108/3119/3113/7124/3111/3112/3117/3123/3122/3115/3109
hsa04913	Ovarian steroidogenesis	38	-0.603360571525447	-1.74042236615253	0.00230333029188864	0.0831109297506265	0.0738003551446316	2012	tags=26%, list=12%, signal=23%	51478/8605/111/122970/107/3479/654/1543/1583/100137049
hsa00140	Steroid hormone biosynthesis	43	-0.585923929629609	-1.71668674100395	0.00255368778563377	0.0831109297506265	0.0738003551446316	2472	tags=42%, list=15%, signal=36%	3292/79644/6820/3291/51478/6718/54658/1577/1576/7923/7364/3290/1543/7366/1583/54577/54576/1551
hsa04927	Cortisol synthesis and secretion	44	0.590238040420459	1.80455033979893	0.00290839727564311	0.0867671853900195	0.0770470155477386	983	tags=13%, list=6%, signal=13%	8622/5330/23236/196883/3709/113
hsa04922	Glucagon signaling pathway	89	-0.676951701988228	-2.21053509980251	0.00372948517022601	0.0953682636386366	0.0846845504818237	334	tags=7%, list=2%, signal=7%	1375/10000/5207/9586/10891/2998
hsa04820	Cytoskeleton in muscle cells	178	0.404819081275742	1.53613398286805	0.00363374556462048	0.0953682636386366	0.0846845504818237	1146	tags=22%, list=7%, signal=21%	1282/287/2335/72/1289/56776/1281/7060/1278/1462/9499/270/2200/1277/23500/57731/1284/3680/825/127294/1290/58529/1311/3676/3690/284217/4811/1286/83660/81624/84033/2199/2192/3678/1288/4628/3694/7169/1824
hsa04974	Protein digestion and absorption	60	0.58377292607715	1.89263201452494	0.00490676505114989	0.109788868019479	0.0974896740425834	2110	tags=40%, list=13%, signal=35%	1282/1289/1296/1281/7373/1278/117247/1360/1277/1284/5645/1294/1290/1295/4224/1286/1288/80781/3783/1303/1299/169044/1305/1298
hsa00515	Mannose type O-glycan biosynthesis	22	0.636200396157375	1.68020675560676	0.00482558062951481	0.109788868019479	0.0974896740425834	4582	tags=55%, list=28%, signal=40%	146664/9486/79147/27087/2683/29954/84197/2526/2218/84892/8703/148789
hsa04910	Insulin signaling pathway	125	-0.629053506983543	-2.16664037368662	0.00542054208060957	0.114150239109307	0.101362458720996	410	tags=5%, list=2%, signal=5%	110117499/9021/399694/10000/10891/2998
hsa00592	alpha-Linolenic acid metabolism	17	-0.71679241318546	-1.73724531542921	0.00684895968666437	0.129048819359255	0.114592012486019	1917	tags=29%, list=12%, signal=26%	8398/8605/151056/50487/100137049
hsa04929	GnRH secretion	48	0.515442225074349	1.5977245558698	0.00682656994016873	0.129048819359255	0.114592012486019	1735	tags=29%, list=10%, signal=26%	9568/5330/2550/23236/2852/5579/3709/3782/3783/776/5295/3762/6696/57657
hsa04672	Intestinal immune network for IgA production	32	-0.599926933323438	-1.66370378238777	0.00726381196602829	0.130022234191906	0.115456379670555	3098	tags=55%, list=19%, signal=44%	3117/3127/3108/3119/3113/3111/3112/3117/3123/23308/56477/3122/942/3115/3109/9020/7852/2826
hsa00190	Oxidative phosphorylation	127	-0.562146751950996	-1.94677796062955	0.00836151611440826	0.14254394137896	0.126575331656706	4757	tags=58%, list=29%, signal=42%	517/54539/4716/6391/506/54205/100532726/10476/29796/4708/23545/1340/4701/513/55967/9167/9377/7384/509/7385/6390/1355/9296/9551/4509/1337/4706/1346/1329/4712/518/6392/90423/4729/4711/4695/8992/1327/515/4704/4715/4714/4697/4722/516/10632/125965/51079/539/245973/525/4713/4539/4700/10975/479/27089/1537/533/126328/1349/1347/4514/245972/4512/4541/4519/4513/4508/4536/4540/4535/4538/341947
hsa05415	Diabetic cardiomyopathy	190	-0.5381523601271	-1.94314227602063	0.00892506144703885	0.145235090819996	0.128965002727547	2452	tags=22%, list=15%, signal=19%	1327/515/4704/1536/4715/5499/4714/4697/4722/516/5582/125965/51079/539/3667/4713/6517/4539/4700/10975/27089/1537/126328/1349/7137/1347/4514/4512/4541/4519/4513/4508/4536/4540/4535/4538/110117499/1375/10000/653361/341947/2998
hsa03010	Ribosome	132	-0.505851410789811	-1.75694657541644	0.0119958809004963	0.178957857542933	0.158909947009602	4672	tags=62%, list=28%, signal=45%	6210/51073/6130/219927/51121/25873/6218/9045/6139/29074/6135/6170/51187/51264/55052/6209/6171/6206/6231/6165/54948/6207/6235/64963/6125/51065/2197/63875/65008/6141/79590/4736/6223/6152/6155/6227/64968/64983/64928/6137/6159/6161/6205/6160/6176/28998/64979/6188/6138/29088/55168/51021/6144/6182/23521/29093/11224/6175/6203/200916/6204/6217/51081/6202/6142/6157/6150/64981/6147/6132/51318/65003/64960/6183/6222/6194/3921/6201/6208/6193/6133/6189
hsa00052	Galactose metabolism	26	0.581395087591715	1.58859729936222	0.0124334797669515	0.178957857542933	0.158909947009602	3580	tags=46%, list=22%, signal=36%	93432/441282/5213/2683/57016/3098/130589/5214/2548/5211/57818/231
hsa00590	Arachidonic acid metabolism	45	-0.522385105888073	-1.53820477981361	0.0124970570909869	0.178957857542933	0.158909947009602	2546	tags=24%, list=15%, signal=21%	255189/9536/4051/239/8398/8605/874/151056/50487/2678/100137049
hsa04940	Type I diabetes mellitus	29	-0.621068042553176	-1.72697728581456	0.0137586667114597	0.181562498521515	0.161222800804168	3249	tags=63%, list=20%, signal=51%	3133/3117/3127/3108/3119/3113/355/7124/3111/3112/3117/3134/3123/3592/3122/2571/942/3115/3109
hsa04933	AGE-RAGE signaling pathway in diabetic complications	97	0.45301999923522	1.57868419974436	0.0138263397163896	0.181562498521515	0.161222800804168	1490	tags=20%, list=9%, signal=18%	1282/2335/1281/1278/5054/1277/1284/5330/4313/7412/177/23236/5579/50507/1286/1288/7046/4846/5295
hsa04814	Motor proteins	161	0.385494261221395	1.44308831279395	0.0142004188787777	0.181562498521515	0.161222800804168	4219	tags=43%, list=25%, signal=33%	72/283446/113220/10381/80022/1062/10112/3797/79659/347240/203068/79861/4628/24137/7169/140469/4647/4542/3833/11004/9585/196385/22920/56992/9928/9493/11127/3832/53904/10376/260334/124602/3800/56171/1639/3799/55614/8701/23046/51168/79784/126820/57519/23095/1778/55605/4430/58498/140735/3831/7283/4650/1767/1783/25981/4643/22989/10383/1768/4642/63971/81027/55083/1770/29895/9371/57644/4641/201625/146754
hsa00565	Ether lipid metabolism	39	-0.544735607857976	-1.56720754903742	0.0147949385214374	0.182640965195675	0.162180451305775	1203	tags=26%, list=7%, signal=24%	255189/284161/254531/8398/8605/151056/50487/79153/133121/100137049
hsa04730	Long-term depression	51	-0.580512042888233	-1.76260264027473	0.0164595674578561	0.187185286840049	0.166215691342825	7	tags=6%, list=0%, signal=6%	3479/2890/100137049
hsa05204	Chemical carcinogenesis - DNA adducts	51	-0.567059293702112	-1.72175619871524	0.0175300855659907	0.187185286840049	0.166215691342825	809	tags=20%, list=5%, signal=19%	1548/9446/445329/7364/3290/1543/7366/54577/54576/1551
hsa04744	Phototransduction	18	0.62225231027594	1.57932331162703	0.0172860427670242	0.187185286840049	0.166215691342825	3488	tags=61%, list=21%, signal=48%	2986/8787/2979/5148/810/1259/5145/1258/9187/808/2782
hsa05322	Systemic lupus erythematosus	75	-0.481439567077735	-1.5341187856311	0.0166973268576643	0.187185286840049	0.166215691342825	3284	tags=45%, list=20%, signal=36%	55766/6737/733/721/3117/3127/3108/3119/8338/6628/3113/7124/8362/3111/8330/3112/8334/3117/3123/8370/8294/3122/3012/92815/942/3115/3109/8363/554313/8329/8365/121504/8367/8332
hsa05323	Rheumatoid arthritis	78	-0.477327667550436	-1.53259093482385	0.0183002375402283	0.187185286840049	0.166215691342825	3386	tags=46%, list=20%, signal=36%	9296/1435/3117/1513/90423/3127/3108/3119/8992/2919/6347/7099/3113/7124/6364/3111/3725/245973/3112/3117/525/3123/284/6352/6374/51561/533/3122/942/3115/2921/2353/245972/3109/3576/2920
hsa04724	Glutamatergic synapse	83	-0.461333170800451	-1.49744971652338	0.0178104548812306	0.187185286840049	0.166215691342825	2109	tags=16%, list=13%, signal=14%	2744/5582/27165/8605/6507/111/2785/107/2791/2917/2788/2890/100137049
hsa04916	Melanogenesis	86	0.421294852988599	1.45384409531411	0.0198213812154009	0.197112624308709	0.175030910147692	1287	tags=19%, list=8%, signal=17%	7481/816/7475/5330/7476/11211/7473/23236/81029/5579/2535/196883/113/6932/8324/810
hsa04060	Cytokine-cytokine receptor interaction	183	-0.429593073827232	-1.55380489521274	0.0209401783812372	0.202610374607647	0.179912770160274	1456	tags=22%, list=9%, signal=21%	3592/64109/6352/6374/56300/8718/56477/51561/8797/90865/285613/51330/3561/85480/3598/7292/6361/4803/2921/9518/654/10563/3581/27179/8771/7852/27189/6373/2826/3576/7850/5618/2920/6358/11009/8740/3604/29949/970/151449/9173
hsa05321	Inflammatory bowel disease	49	-0.52742814719331	-1.5864586528889	0.0239425705550302	0.204623612213399	0.181700473062177	3363	tags=46%, list=20%, signal=37%	2625/3594/3117/3127/6097/3108/3119/7099/3113/7124/3111/3725/3112/3117/3123/3592/51561/3122/50943/6095/3561/3115/3109
hsa04664	Fc epsilon RI signaling pathway	57	-0.510479748698037	-1.57236865468954	0.0240061221032479	0.204623612213399	0.181700473062177	410	tags=5%, list=2%, signal=5%	110117499/10000/100137049
hsa04512	ECM-receptor interaction	68	0.469543476550813	1.55606782748057	0.0220817227776154	0.204623612213399	0.181700473062177	2110	tags=40%, list=13%, signal=35%	1282/2335/7060/1278/1277/3912/1284/3680/1311/3909/3676/3918/3690/284217/1286/3678/1288/3694/2815/51206/3915/1299/6696/3685/7148/3371/1298
hsa00230	Purine metabolism	111	0.427034478750368	1.52210890392147	0.0223007228232607	0.204623612213399	0.181700473062177	1334	tags=11%, list=8%, signal=10%	8622/270/50940/2986/5148/196883/51816/113/953/5167/8654/5150
hsa05205	Proteoglycans in cancer	184	0.368989460061505	1.40990628368063	0.0238984369063417	0.204623612213399	0.181700473062177	1490	tags=17%, list=9%, signal=16%	287/2335/1278/2099/3481/7481/1277/816/7475/7476/11211/7473/4313/81029/5579/3690/2535/3091/4660/3709/22808/2260/3678/2066/4478/7410/8324/4318/5727/7078/5295
hsa04932	Non-alcoholic fatty liver disease	146	-0.488806895289501	-1.70671868765059	0.0261584493728852	0.217784299430068	0.193386822781183	4719	tags=49%, list=28%, signal=36%	54539/5465/4716/3569/6391/54205/100532726/29796/5970/840/51422/4708/3551/581/1340/841/4701/55967/9167/9377/10062/7384/7385/6390/1965/9451/1337/4706/1346/468/5571/1329/4712/6392/4729/4711/4695/1327/4704/4715/4714/4697/4722/355/7124/6945/125965/51079/3725/3667/4713/4700/8660/10975/27089/1537/637/126328/5468/1349/1347/4514/2353/4512/4519/4513/110117499/9021/3576/10000/341947/1649
hsa05200	Pathways in cancer	448	0.301968234372019	1.27859415494929	0.0276449959929755	0.224929740124664	0.199731789231545	1782	tags=16%, list=11%, signal=15%	1282/2335/7704/64399/3575/1496/2099/3481/9915/7481/2250/1438/816/1436/7475/3912/1284/5330/2246/54331/1441/29119/7476/11211/7473/3909/4313/3595/27006/2264/3918/23236/2944/81029/5155/5579/3563/2535/3091/284217/1286/196883/113/2260/1288/8643/6932/1950/8324/1030/26508/388585/4854/23604/4318/810/5727/7046/8900/5732/5888/5295/10023/3915/2948/7175/3685/5979/2939/28514/182
hsa00830	Retinol metabolism	53	-0.518338224374327	-1.57728126914175	0.0283419889715685	0.225476267818256	0.200217091682192	2059	tags=36%, list=12%, signal=32%	9227/54658/158835/1577/112724/8854/53630/1576/8228/195814/1548/56603/54905/7364/1543/7366/54577/54576/1551
hsa03320	PPAR signaling pathway	56	0.459116683473578	1.47910895382066	0.0298872965044819	0.232601133665316	0.20654378820031	3157	tags=30%, list=19%, signal=25%	4973/23305/126129/10580/8309/729359/28965/335/9415/51129/33/123/2172/440503/8310/11001/4312
hsa04977	Vitamin digestion and absorption	21	0.56823295932865	1.48751119460631	0.0342126514070442	0.260598493696209	0.231404719483256	1542	tags=29%, list=9%, signal=26%	338/8029/25974/6573/335/949
hsa04151	PI3K-Akt signaling pathway	278	-0.415471940410808	-1.5705208455065	0.044399033103741	0.30281954887218	0.268895924020578	743	tags=6%, list=4%, signal=6%	4803/2791/8516/3479/5522/2069/110117499/10000/5618/1128/9586/100533105/2788/2247/5649/3908/2998
hsa05033	Nicotine addiction	12	-0.691143669595936	-1.55909184334585	0.0463769840182733	0.30281954887218	0.268895924020578	679	tags=33%, list=4%, signal=32%	2564/1139/2561/2890
hsa04370	VEGF signaling pathway	58	-0.500157048351128	-1.54090796704262	0.0448028673835125	0.30281954887218	0.268895924020578	775	tags=14%, list=5%, signal=13%	5582/3791/8605/5336/8877/110117499/10000/100137049
hsa04217	Necroptosis	125	-0.443680153962761	-1.52816147419453	0.0439932318104907	0.30281954887218	0.268895924020578	3284	tags=26%, list=20%, signal=21%	55766/291/596/292/51510/8878/255189/2746/834/8338/124044/7099/1536/355/6776/7124/192111/330/8605/8330/8334/8797/90865/637/3012/92815/7128/148022/353376/8329/8332/100137049
hsa00980	Metabolism of xenobiotics by cytochrome P450	57	-0.495494915582085	-1.52621269659841	0.0460992907801418	0.30281954887218	0.268895924020578	2548	tags=30%, list=15%, signal=25%	131/128/653689/54658/1577/1576/874/1548/9446/27294/7364/3290/1565/1543/7366/54577/54576
hsa04726	Serotonergic synapse	75	-0.472219651528153	-1.50473930248558	0.0464285714285714	0.30281954887218	0.268895924020578	838	tags=12%, list=5%, signal=11%	3357/2791/3359/1565/2561/9177/2788/3751/100137049
hsa05150	Staphylococcus aureus infection	52	-0.493632085811878	-1.49578540787754	0.046594982078853	0.30281954887218	0.268895924020578	3222	tags=50%, list=19%, signal=40%	125115/721/3866/3117/3858/3127/3108/1675/3119/1672/3113/3881/3111/25984/6403/3112/3861/3117/3123/3122/5648/3115/3109/1673/54474/3885/3860
hsa04714	Thermogenesis	214	-0.40631759234071	-1.48953495847672	0.0445859872611465	0.30281954887218	0.268895924020578	3788	tags=37%, list=23%, signal=29%	9167/109/388753/9377/8110/7384/509/57104/7385/6390/1355/6199/71/9551/4509/1337/4706/1346/55744/108/5571/1329/4712/518/6392/6009/4729/4711/4695/656/65260/28958/1327/515/4704/4715/91942/29078/148327/4714/4697/4722/5593/51548/516/10632/125965/51079/539/111/4713/493753/84987/4539/4700/10975/27089/1537/107/79133/6194/126328/5468/1349/1347/4514/4512/4541/4519/4513/4508/4536/4540/4535/1268/4538/1375/341947/9586/10891
hsa04666	Fc gamma R-mediated phagocytosis	90	-0.452533543599625	-1.47727883211915	0.0473684210526316	0.30281954887218	0.268895924020578	2027	tags=12%, list=12%, signal=11%	5582/8398/8605/5336/8395/8877/1073/110117499/10000/653361/100137049
hsa04061	Viral protein interaction with cytokine and cytokine receptor	56	-0.486301876439764	-1.49261127609767	0.0514184397163121	0.317375886524823	0.281821575214632	2191	tags=38%, list=13%, signal=33%	7124/6364/51554/3560/6352/6374/56477/8797/3561/6361/2921/10563/7852/6373/2826/3576/2920/6358/11009/8740/29949
hsa05208	Chemical carcinogenesis - reactive oxygen species	212	-0.391063367818854	-1.43353622302572	0.0512	0.317375886524823	0.281821575214632	4757	tags=42%, list=29%, signal=31%	517/1572/54539/4716/7419/6391/506/100532726/1535/5580/873/10476/29796/5970/4708/3551/1340/4792/27035/65010/4701/513/55967/9167/253152/9377/7384/509/7385/6390/4509/1337/4706/1346/291/572/292/4688/1329/2947/4712/518/6392/4729/4711/4695/1327/515/4704/4715/653689/10327/4714/4697/4722/4233/516/125965/51079/539/3725/4713/115019/4539/4700/10975/27089/1537/126328/1349/1347/9446/4514/2353/4512/4541/4025/4519/4513/9020/4508/4536/4540/4535/4538/110117499/10000/653361/341947/1543
hsa04260	Cardiac muscle contraction	58	-0.467010948207935	-1.43878986242844	0.0537634408602151	0.326225624202661	0.289679913287867	1335	tags=28%, list=8%, signal=25%	10975/27089/1537/1349/7137/782/785/1347/4514/93589/4512/4519/4513/4634/341947/486
hsa01210	2-Oxocarboxylic acid metabolism	30	0.520172803853339	1.47501189297028	0.0566448801742919	0.327078501651557	0.290437246394502	3420	tags=30%, list=21%, signal=24%	189/55753/100526760/51166/2875/3418/1738/55526/48
hsa05171	Coronavirus disease - COVID-19	193	-0.394035535676728	-1.41889819573247	0.0564784053156146	0.327078501651557	0.290437246394502	4367	tags=47%, list=26%, signal=35%	4314/3569/6210/6130/51121/5970/25873/6218/9045/3551/6139/6868/4792/6135/6170/4615/51187/23586/23118/6209/6171/6206/6231/6165/4600/6207/6235/6125/4940/733/51065/2197/721/115004/6141/4736/6223/6152/6155/4599/6227/1675/834/6137/6159/6161/6347/6205/6160/6176/7099/6188/1536/6138/9641/6144/23521/7124/1440/5582/51135/11224/6175/6203/200916/6204/6217/3725/6403/6202/6142/6157/1839/6147/6132/5336/3592/6222/6194/3921/5648/6201/4938/6208/6193/6133/6189/2353/9636/110117499/3576
hsa05020	Prion disease	239	-0.369411831824927	-1.36903272743707	0.0549273021001615	0.327078501651557	0.290437246394502	5039	tags=46%, list=30%, signal=33%	7388/5599/522/1385/3309/5533/5695/147700/7386/3303/517/84790/54539/4716/3569/7419/6391/10488/506/54205/100532726/1535/5580/10476/29796/7846/5704/4708/581/1340/4689/3304/4701/513/55967/5692/9167/5689/5683/9377/7384/5687/509/7385/6390/5686/1965/9451/5706/4509/1337/4706/1346/291/3312/733/572/292/4688/468/1329/4712/518/5688/6392/5719/4729/5714/4711/4695/1327/515/4704/1536/4715/148327/4714/4697/4722/7124/516/125965/51079/539/4713/4539/4700/6352/10975/27089/1537/5691/126328/1349/1347/4514/4512/4541/4519/4513/4508/4536/4540/4535/4538/110117499/1958/653361/341947/1649/9586
hsa00564	Glycerophospholipid metabolism	88	-0.4342208932756	-1.41499902986816	0.0580985915492958	0.330147551978538	0.293162483673974	2793	tags=18%, list=17%, signal=15%	255189/8526/1120/23761/254531/10434/64900/51365/8398/8605/151056/84803/50487/3931/43/100137049
hsa05140	Leishmaniasis	65	-0.451319722991391	-1.42167533375943	0.0619469026548673	0.346515486725664	0.307696786213321	3098	tags=36%, list=19%, signal=30%	3117/4688/3127/1915/3108/3119/7099/1536/3113/7124/3111/51135/3725/3112/3117/1379/3123/3592/3122/3115/2353/3109/4843/653361
hsa00470	D-Amino acid metabolism	5	-0.813613318269832	-1.49746285686321	0.0650406504065041	0.34972013940226	0.310542434870575	2109	tags=100%, list=13%, signal=87%	80017/2744/27165/8528
hsa05134	Legionellosis	53	-0.462674351412549	-1.40789846065512	0.066427289048474	0.34972013940226	0.310542434870575	5150	tags=53%, list=31%, signal=37%	1917/929/56681/3684/3303/3569/1937/54205/5970/840/4792/841/3304/4615/3312/1915/834/2919/7099/7124/51128/1379/3592/4791/2921/4671/3576/2920
hsa05164	Influenza A	144	-0.396834833021256	-1.38418745237494	0.0635451505016722	0.34972013940226	0.310542434870575	3417	tags=34%, list=21%, signal=27%	3337/1965/4600/71/291/4940/578/3117/292/3127/55916/4599/3108/3119/834/6347/7099/9641/3113/355/7124/1019/3111/51135/2224/3112/3117/3123/3592/6352/3665/9407/4261/8797/90865/637/3122/56001/4938/29107/3115/3109/148022/91543/110117499/9021/5646/3576/10000
hsa05412	Arrhythmogenic right ventricular cardiomyopathy	62	0.424274978823878	1.38283504047725	0.0660592255125285	0.34972013940226	0.310542434870575	2660	tags=40%, list=16%, signal=34%	1496/55799/1000/3680/29119/781/3676/2697/3690/284217/3678/3694/6932/9254/1824/786/59285/776/3685/6443/488/3691/83439/1832/1756
hsa05217	Basal cell carcinoma	58	0.428212019488838	1.39167667481155	0.0675675675675676	0.350567959263611	0.311295276970334	1307	tags=21%, list=8%, signal=19%	64399/7481/7475/7476/11211/7473/81029/2535/8643/6932/8324/5727
hsa04960	Aldosterone-regulated sodium reabsorption	31	-0.520256789931721	-1.44313794706293	0.073394495412844	0.354418114797262	0.314714115462432	2378	tags=32%, list=14%, signal=28%	4306/2810/6446/5582/3291/478/3667/3479/110117499/486
hsa04540	Gap junction	76	0.416442803226525	1.40647038220035	0.0712694877505568	0.354418114797262	0.314714115462432	3737	tags=34%, list=23%, signal=27%	5330/10381/23236/2697/5155/5579/196883/3709/113/203068/79861/2915/1950/5598/5592/10376/260334/6655/2771/2982/3708/10383/115/2911/2778/81027
hsa03264	Virion - Flavivirus and Alphavirus	3	0.859176391295119	1.40238531886195	0.0728744939271255	0.354418114797262	0.314714115462432	99	tags=33%, list=1%, signal=33%	54587
hsa05034	Alcoholism	125	-0.394111728054253	-1.35743362411313	0.0727580372250423	0.354418114797262	0.314714115462432	3036	tags=26%, list=18%, signal=22%	468/3177/3065/51806/25759/2030/8338/5499/148327/8362/51564/8330/8334/111/8370/8294/136/2785/3012/92815/9734/2791/8363/554313/2354/8329/8365/399694/121504/8367/9586/2788/8332
hsa04080	Neuroactive ligand-receptor interaction	149	-0.38675645990779	-1.35348434968031	0.0708263069139966	0.354418114797262	0.314714115462432	1150	tags=18%, list=7%, signal=17%	2859/1145/2150/10800/3357/80763/10874/9340/1131/57152/2564/1139/2894/5021/1268/1906/256933/2917/5733/5646/5618/2561/1907/1128/10886/7425/2890
hsa05016	Huntington disease	279	-0.345718002077779	-1.30437855121698	0.0742496050552923	0.354418114797262	0.314714115462432	4757	tags=39%, list=29%, signal=28%	517/84790/54539/4716/7419/6391/10488/55860/9001/506/54205/100532726/5438/10476/29796/10120/6874/7846/6667/5704/1175/4708/581/1340/5432/841/4701/513/55967/9519/60673/5692/127602/9167/5689/5683/9377/7384/5687/509/7385/6390/5686/246721/5706/4509/1337/4706/1346/291/1211/292/1329/3065/4712/518/5688/6392/5719/4729/5714/4711/5437/4695/1327/515/4704/4715/5436/148327/4714/4697/4722/516/84516/11258/125965/51079/539/6507/4713/5435/27113/4539/4700/10975/27089/1537/5691/6875/126328/5468/2876/1349/1347/4514/4512/4541/4519/4513/4508/4536/4540/4535/4538/341947/9586/10891/2890
hsa04620	Toll-like receptor signaling pathway	83	-0.411549311007914	-1.33585538198978	0.0776014109347443	0.364344343901414	0.323528350068295	2439	tags=20%, list=15%, signal=18%	7099/9641/7124/51135/3725/3592/6352/3665/942/3663/2353/148022/353376/110117499/6373/3576/10000
hsa04210	Apoptosis	124	-0.3841353622904	-1.31799245594674	0.0783645655877342	0.364344343901414	0.323528350068295	4446	tags=38%, list=27%, signal=28%	5970/839/840/1520/1512/7846/3551/581/4792/841/27429/60/8837/2021/1965/63970/9451/71/56616/578/596/572/468/1513/1515/10912/355/7124/330/843/1521/3725/8739/27113/8797/4616/1647/637/7185/4803/2353/9020/5366/110117499/10000/1649/597
hsa04723	Retrograde endocannabinoid signaling	113	-0.398373049273109	-1.34239073265601	0.0823327615780446	0.377886264678717	0.335553225324824	2771	tags=26%, list=17%, signal=22%	4729/4711/4695/4704/4715/4714/4697/4722/5582/51079/221955/111/4713/4539/4700/2785/107/126328/2791/2564/4541/4536/4540/4535/1268/4538/2561/2788/2890
hsa00983	Drug metabolism - other enzymes	65	-0.432349808557307	-1.36191933804156	0.0849557522123894	0.38498935812703	0.34186058851621	1912	tags=20%, list=12%, signal=18%	54658/4830/151531/1576/7498/1548/9446/654364/7364/7378/7366/54577/54576
hsa05120	Epithelial cell signaling in Helicobacter pylori infection	66	-0.426370597521874	-1.35084132934913	0.0875656742556918	0.391856392294221	0.347958337173933	4547	tags=41%, list=27%, signal=30%	1445/5970/5803/10392/23545/3551/6868/4792/50848/7082/9296/90423/8992/2919/4233/3725/245973/525/1839/5336/6352/533/2921/245972/9020/3576/2920
hsa04062	Chemokine signaling pathway	142	-0.374040868810823	-1.29847994272027	0.0892255892255892	0.394355073367419	0.350177101314203	1754	tags=20%, list=11%, signal=18%	6364/58191/409/9564/7074/111/5336/6352/6374/56477/2785/107/57580/6361/9844/2921/2791/10563/7852/110117499/6373/399694/2826/3576/10000/653361/2920/6358/2788
hsa00053	Ascorbate and aldarate metabolism	21	-0.562284461995321	-1.41026197376523	0.0917782026768642	0.395902450381235	0.35155113206449	396	tags=33%, list=2%, signal=33%	219/10327/54658/7364/7366/54577/54576
hsa04110	Cell cycle	156	0.338234931248885	1.26608229844785	0.0917874396135266	0.395902450381235	0.35155113206449	4899	tags=42%, list=30%, signal=30%	57082/9088/701/4998/9212/5347/64682/1030/472/991/90381/995/8900/8318/10403/5933/1032/27085/4171/546/545/23047/993/894/9133/113130/699/494551/7042/8317/85417/7533/7272/1021/81620/9700/890/4175/25/151648/4172/23595/80174/157570/2932/8881/23594/7029/4173/8243/983/23063/3066/10926/29945/8555/7532/8379/5591/8697/7529/5518/996/29882/5925/1871
hsa04510	Focal adhesion	177	0.335192408074315	1.27102849281352	0.0931989924433249	0.397205229698932	0.352707966389526	1852	tags=20%, list=11%, signal=18%	1282/2335/7060/1278/1277/4638/3912/29780/1284/3680/1311/3909/3676/3918/5155/5579/3690/4660/284217/1286/83660/3678/1288/87/3694/2534/1950/7410/5295/3915/53358/1299/6696/3685/7094/7148
hsa04024	cAMP signaling pathway	155	-0.36242191700244	-1.27154449530545	0.0952380952380952	0.401120448179272	0.356184579094796	876	tags=10%, list=5%, signal=10%	7137/2353/1261/5021/1906/110117499/5733/10000/2735/1907/2867/1128/486/9586/5142/2890
hsa04010	MAPK signaling pathway	254	-0.329886374028094	-1.23608523999219	0.0972886762360447	0.404992396424465	0.359622768950863	2295	tags=17%, list=14%, signal=15%	10912/51295/11221/777/355/7124/4233/5582/5801/51135/409/3791/3725/8605/994/5156/1843/284/1846/4791/4616/1647/4609/782/785/93589/5971/4803/2353/1848/3479/1850/9020/23542/2069/10000/1844/1847/1649/4208/5923/2247/100137049
hsa05146	Amoebiasis	86	0.38242071670992	1.31969355184492	0.0990783410138249	0.40770167911436	0.362028541877497	1048	tags=20%, list=6%, signal=19%	1282/2335/1281/1278/1277/3912/1284/5330/1437/3909/3918/23236/5579/284217/1286/1288/87
hsa05160	Hepatitis C	132	-0.366270389535863	-1.27214730026496	0.100826446280992	0.410180315552216	0.364229506900233	4194	tags=31%, list=25%, signal=23%	3551/581/440275/4792/841/23586/1026/10062/8837/1965/9451/4600/9074/1870/4940/578/572/4599/5520/9641/9073/355/7124/1019/137075/1364/3665/1366/1365/100506658/637/4938/9080/4609/3434/148022/91543/5522/110117499/9021/10000
hsa00040	Pentose and glucuronate interconversions	27	-0.505698815703314	-1.38520982364657	0.103019538188277	0.413531353135314	0.367205141566788	475	tags=30%, list=3%, signal=29%	10327/54658/51084/27294/7364/7366/54577/54576
hsa05169	Epstein-Barr virus infection	179	-0.349958341506296	-1.25694121337877	0.103960396039604	0.413531353135314	0.367205141566788	3256	tags=27%, list=20%, signal=22%	5706/3133/1870/4940/578/965/596/3117/3065/5719/3127/5714/3108/3119/6890/10912/9641/3113/355/7124/1019/3111/51135/3725/3112/3117/3134/3123/9134/917/5336/4794/3665/4791/4616/1647/637/3122/29760/4938/4609/7128/3115/5971/3109/9020/9636/110117499/10000
hsa05165	Human papillomavirus infection	287	0.290268907095713	1.17639883633264	0.10840108401084	0.426457011822865	0.378682792033241	2884	tags=23%, list=17%, signal=19%	1282/2335/7060/1278/7481/1277/7475/1740/3912/1284/3680/7476/1311/3955/11211/7473/3909/3676/3918/81029/3690/2535/284217/1286/3678/5523/1288/3694/6932/1950/8324/26508/472/388585/4854/8900/5295/3915/1299/6696/3685/182/5933/7148/9794/545/2475/3371/1298/894/3691/7337/6655/1287/83439/537/5743/7249/1108/7187/1021/7479/4855/890/3135
hsa00270	Cysteine and methionine metabolism	45	0.432413047434235	1.32501576686774	0.111597374179431	0.434259347350395	0.385611064098263	4337	tags=37%, list=26%, signal=27%	3948/102724560/883/1789/26227/4548/2729/2730/56267/1786/10768/51074/29968/144811/3939/875/6898
hsa03083	Polycomb repressive complex	83	0.370918596235963	1.27100057898559	0.114942528735632	0.440985442329227	0.391583662403489	4281	tags=30%, list=26%, signal=22%	10389/80816/9212/1911/55777/84733/100532731/84456/26013/55252/23512/2146/10600/22992/84458/10238/8535/80012/22955/83746/57666/84108/57713/121536/3066
hsa04064	NF-kappa B signaling pathway	90	-0.382708452167573	-1.24933743201242	0.115789473684211	0.440985442329227	0.391583662403489	2549	tags=26%, list=15%, signal=22%	2919/7099/10912/7124/330/51135/5336/5328/4791/4616/1647/29760/7128/7185/5971/2921/148022/9020/353376/3576/2920/597/8740
hsa04750	Inflammatory mediator regulation of TRP channels	85	-0.389210724843128	-1.26483887612382	0.119089316987741	0.448778689280118	0.39850386404762	2137	tags=16%, list=13%, signal=14%	239/5582/8398/8605/111/5336/107/2150/3357/4803/3479/110117499/9311/100137049
hsa05162	Measles	111	-0.37228315680869	-1.250352850751	0.121527777777778	0.453197337962963	0.402427509746589	4195	tags=37%, list=25%, signal=28%	10399/3551/581/440275/4792/841/3304/4615/23586/23118/1965/9451/4600/4940/3312/578/596/572/9367/4599/7099/9641/355/6776/1019/25898/51135/3725/3560/9134/917/3592/27113/3665/637/3561/4938/7128/2353/110117499/10000
hsa05031	Amphetamine addiction	48	-0.433633953866793	-1.29094589472072	0.127504553734062	0.465781941191777	0.413602311790405	701	tags=25%, list=4%, signal=24%	468/3065/51806/5499/148327/5582/3725/111/2353/2354/9586/2890
hsa04668	TNF signaling pathway	114	-0.368334730306841	-1.24112045413276	0.126297577854671	0.465781941191777	0.413602311790405	5083	tags=45%, list=31%, signal=31%	5603/3659/3383/5599/1385/6372/4314/3569/329/10488/3726/5970/840/3600/197259/3551/6868/4792/841/79651/1326/23118/1540/9530/8837/1435/8986/468/2919/6347/148327/355/7124/6364/192111/330/843/3725/6352/6374/7128/7185/2921/2353/9020/1906/110117499/9021/10000/2920/9586
hsa00360	Phenylalanine metabolism	11	-0.626862007493685	-1.39226619510855	0.130693069306931	0.4691921005386	0.416630445053388	622	tags=55%, list=4%, signal=53%	222/4282/2805/4129/314/259307
hsa00240	Pyrimidine metabolism	53	-0.423962509915321	-1.29009996612722	0.131059245960503	0.4691921005386	0.416630445053388	2831	tags=25%, list=17%, signal=20%	4832/129607/1841/7371/56953/79077/4830/318/115024/151531/654364/7378/284958
hsa03267	Virion - Adenovirus	3	-0.807682480505413	-1.34307942750554	0.137795275590551	0.477890872684799	0.424354729640721	911	tags=100%, list=5%, signal=95%	4179/942
hsa04976	Bile secretion	56	-0.417981572342925	-1.28291507457788	0.136524822695035	0.477890872684799	0.424354729640721	1935	tags=25%, list=12%, signal=22%	760/54658/478/111/1576/9429/107/6523/7364/28234/7366/486/54577/54576
hsa03440	Homologous recombination	39	0.42361936807713	1.27375716168103	0.13882863340564	0.477890872684799	0.424354729640721	2933	tags=31%, list=18%, signal=25%	8438/641/672/472/5892/5888/7979/675/146956/7517/10111/83990
hsa04380	Osteoclast differentiation	109	-0.366906200719488	-1.22328066193139	0.13556338028169	0.477890872684799	0.424354729640721	1863	tags=18%, list=11%, signal=16%	3725/4982/5336/4791/7006/8651/29760/5468/2274/5971/2353/9020/54209/2354/126014/110117499/9021/8061/10000/653361
hsa04520	Adherens junction	89	0.362147208502334	1.25180911039296	0.1415313225058	0.48255441387692	0.428495833551396	3661	tags=28%, list=22%, signal=22%	1496/6615/10580/29119/5787/2260/7454/87/6932/2534/7046/5792/83439/6093/6591/58498/9855/57493/5770/2241/117178/7048/7525/889/5818
hsa03460	Fanconi anemia pathway	53	0.394051805495855	1.26264464639405	0.143820224719101	0.485732457070172	0.431317853675954	3280	tags=30%, list=20%, signal=24%	641/79008/672/55215/5888/91442/5980/545/675/146956/197342/353497/83990/2188/57697/116028
hsa04215	Apoptosis - multiple species	29	-0.46692984887783	-1.29837181730663	0.148214285714286	0.495570321151717	0.440053622428163	5005	tags=52%, list=30%, signal=36%	5599/329/54205/840/581/841/27429/56616/578/596/4804/330/27113/637/5366
hsa05167	Kaposi sarcoma-associated herpesvirus infection	164	-0.335091044547466	-1.18854633321613	0.149501661129568	0.495570321151717	0.440053622428163	2287	tags=16%, list=14%, signal=14%	9641/355/1019/9976/3725/3134/5336/3665/2785/637/57580/942/131450/4609/1827/2921/2353/2791/148022/110117499/643246/3576/10000/2920/2788/2247
hsa04728	Dopaminergic synapse	101	-0.36081544220435	-1.19443382715651	0.154115586690018	0.501869158878505	0.445646827348746	701	tags=17%, list=4%, signal=16%	5520/5499/148327/5582/409/406/111/5526/2785/2353/2791/5522/6323/10000/9586/2788/2890
hsa05014	Amyotrophic lateral sclerosis	334	-0.301471800201559	-1.14602241339362	0.154205607476636	0.501869158878505	0.445646827348746	3830	tags=25%, list=23%, signal=20%	60673/5692/127602/9167/5689/5683/9377/7384/5687/509/7385/6390/5686/1965/9451/71/5706/4509/1337/4706/1346/596/572/468/1329/8878/4712/518/84134/5688/6392/5719/4729/5714/55916/4711/4695/834/1327/515/4704/203228/4715/4714/4697/4722/7124/516/84516/6428/11258/125965/51079/539/6432/4713/4539/4700/10975/27089/1537/5691/637/126328/2876/56001/29107/1349/1347/4514/4512/4541/4519/4513/4508/4536/4540/4843/4535/4538/643246/116442/341947/1649/2890
hsa04742	Taste transduction	34	0.423784104531937	1.24237899105775	0.161220043572985	0.50448794534816	0.447972241973374	1697	tags=24%, list=10%, signal=21%	9568/5330/2550/23236/196883/6335/80835/2914
hsa00982	Drug metabolism - cytochrome P450	52	-0.407668257355058	-1.23530104329351	0.164874551971326	0.50448794534816	0.447972241973374	2548	tags=27%, list=15%, signal=23%	131/128/653689/54658/1577/1576/2327/1548/9446/7364/1565/7366/54577/54576
hsa00310	Lysine degradation	60	0.377054524086867	1.22243672433339	0.161290322580645	0.50448794534816	0.447972241973374	5527	tags=53%, list=33%, signal=36%	51268/8085/4297/5352/51166/10157/23127/79813/2146/2122/23067/501/8424/5351/1738/29072/55526/8985/51111/1962/9869/80854/387893/64324/7799/3030/79709/38/55870/10919/217/58508
hsa04657	IL-17 signaling pathway	83	-0.368657873756578	-1.19663328694326	0.164021164021164	0.50448794534816	0.447972241973374	2549	tags=25%, list=15%, signal=21%	2919/6347/9641/6279/7124/6364/1440/3725/6280/6374/9618/7128/6361/2921/2353/2354/1673/27189/3576/8061/2920
hsa05145	Toxoplasmosis	96	-0.361467480223678	-1.19129420503006	0.161178509532062	0.50448794534816	0.447972241973374	4194	tags=46%, list=25%, signal=35%	3949/7043/5603/3717/5599/3303/329/54205/5970/3459/3551/4792/841/3304/4615/3911/23118/240/3588/3312/596/572/3117/3127/3108/3119/7099/3113/7124/330/3111/51135/3112/3117/3123/3592/3910/4261/8651/3122/3115/3109/4843/10000/3908
hsa04310	Wnt signaling pathway	148	0.319487594858201	1.18043516169257	0.164619164619165	0.50448794534816	0.447972241973374	1495	tags=16%, list=9%, signal=15%	4919/164284/7481/23500/816/7475/59352/5330/7476/11211/7473/23236/81029/5579/2535/147111/6932/79718/8324/85407/79816/84133/10023/90665
hsa05012	Parkinson disease	243	-0.308799678004966	-1.14513490121661	0.163961038961039	0.50448794534816	0.447972241973374	5039	tags=44%, list=30%, signal=31%	7388/57181/27173/5599/522/3309/5695/147700/7386/517/84790/54539/4716/7419/6391/506/54205/100532726/4129/11315/10476/29796/7846/5704/805/4708/581/1340/4701/27429/513/55967/5692/9167/5689/25828/5683/9377/7384/5687/509/7385/6390/5686/55630/1965/9246/9451/5706/4509/1337/4706/1346/291/4891/292/468/1329/4712/518/51806/5688/6392/5719/7314/4729/5714/4711/4695/118424/1327/515/4704/4715/4714/4697/4722/516/125965/51079/539/111/4713/1843/4539/4700/10975/27089/1537/5691/126328/29986/1349/1347/4514/4512/4541/4519/4513/4508/4536/4540/4535/4538/341947/1649
hsa04964	Proximal tubule bicarbonate reclamation	16	-0.536518765522151	-1.28512920310048	0.171206225680934	0.505274104887832	0.448670331302927	4794	tags=69%, list=29%, signal=49%	6550/4190/483/2747/5106/2746/2744/27165/760/478/486
hsa00600	Sphingolipid metabolism	49	0.393091717809665	1.22558650445144	0.171492204899777	0.505274104887832	0.448670331302927	316	tags=6%, list=2%, signal=6%	56624/10715/9331
hsa04340	Hedgehog signaling pathway	53	0.381701269256304	1.22307031062026	0.168539325842697	0.505274104887832	0.448670331302927	3699	tags=42%, list=22%, signal=32%	64399/91653/23432/4036/57758/8643/2619/1954/5727/11127/23288/157/55733/894/2737/53944/51684/23291/3549/8452/2932/84976
hsa04727	GABAergic synapse	56	0.373624319464356	1.20368328178317	0.178082191780822	0.505274104887832	0.448670331302927	1464	tags=20%, list=9%, signal=18%	9568/2562/2550/54331/5579/92745/196883/113/18/140679/776
hsa04919	Thyroid hormone signaling pathway	108	0.332721323116835	1.18585701063266	0.166666666666667	0.505274104887832	0.448670331302927	2320	tags=19%, list=14%, signal=16%	1734/116931/2099/117247/5330/23236/5579/3690/3091/10231/9968/4854/5213/5295/23389/3685/2475/5214/488/51196
hsa05226	Gastric cancer	122	0.327760807958111	1.18341274210643	0.173809523809524	0.505274104887832	0.448670331302927	1549	tags=16%, list=9%, signal=15%	1496/7481/2250/7475/2246/29119/7476/11211/7473/27006/81029/2535/6932/1950/8324/1030/7046/5295/10023/53358
hsa04926	Relaxin signaling pathway	111	0.327242482837646	1.16641330303384	0.178403755868545	0.505274104887832	0.448670331302927	1549	tags=17%, list=9%, signal=16%	1282/1281/1278/1277/1284/5330/54331/4313/23236/1286/196883/113/1288/4318/117579/7046/4846/5295/53358
hsa04071	Sphingolipid signaling pathway	114	0.324195742264041	1.16267288134969	0.179245283018868	0.505274104887832	0.448670331302927	1490	tags=11%, list=9%, signal=10%	56624/10715/1901/5330/53637/1903/23236/5579/5523/2534/4846/5295
hsa05152	Tuberculosis	141	-0.333133567947325	-1.1574752086373	0.173693086003373	0.505274104887832	0.448670331302927	5126	tags=39%, list=31%, signal=27%	1594/7043/5603/929/3717/5599/1385/5533/3684/9114/3569/54205/5970/3459/1520/11151/805/23545/581/841/4801/8915/4615/3588/596/572/3117/51806/3127/3108/3119/7099/3113/7124/3111/51135/843/5993/3112/3117/1379/3123/3592/1263/4261/51561/637/533/3122/4046/3115/8877/245972/3109/4843/10000
hsa04613	Neutrophil extracellular trap formation	129	-0.331245655216272	-1.15031809590565	0.175585284280936	0.505274104887832	0.448670331302927	2587	tags=22%, list=16%, signal=18%	834/8338/837/7099/1536/8362/5582/51564/6403/8330/8334/1379/5336/8370/8294/3012/92815/9734/8363/554313/8329/110117499/8365/121504/10000/8367/653361/8332
hsa05166	Human T-cell leukemia virus 1 infection	206	-0.310900507831778	-1.13581660295754	0.181964573268921	0.508932165861514	0.451918594796169	3249	tags=25%, list=20%, signal=20%	3133/291/1870/3117/292/108/468/4776/706/3127/3108/3119/5901/148327/3113/5423/6776/7124/1019/3111/4488/3725/51529/2224/3112/3117/111/3134/3560/3123/2113/9134/917/1029/4791/107/3122/3561/4609/3115/5971/2353/3109/9020/1959/110117499/7850/1958/8061/10000/9586
hsa05207	Chemical carcinogenesis - receptor activation	157	-0.326832632579623	-1.14606727984017	0.184615384615385	0.512343470483005	0.454947745033424	2361	tags=20%, list=14%, signal=17%	154/653689/148327/9641/6776/1143/9049/5582/409/54658/3725/54567/111/1576/107/2100/9314/4609/9446/2353/1139/110117499/7364/10000/367/1543/7366/9586/2247/54577/54576
hsa04659	Th17 cell differentiation	87	-0.360348833584622	-1.17352755325239	0.18673647469459	0.514243522620486	0.456634942168147	3102	tags=27%, list=19%, signal=22%	3594/3117/3127/6097/3108/3119/3113/6776/3111/3725/3112/3117/3560/3123/917/4794/51561/3122/50943/6095/3561/3115/2353/3109
hsa04917	Prolactin signaling pathway	61	-0.38005436254643	-1.18980147686809	0.19022687609075	0.519856653744188	0.461619257367671	1213	tags=13%, list=7%, signal=12%	8651/2100/2353/110117499/9021/399694/10000/5618
hsa00601	Glycosphingolipid biosynthesis - lacto and neolacto series	25	-0.453282917136923	-1.21405257567334	0.203296703296703	0.520008715229864	0.461754284032399	4532	tags=48%, list=27%, signal=35%	8702/6484/2523/53947/10331/8706/2524/2525/2528/6489/10317/8707
hsa04930	Type II diabetes mellitus	35	-0.428622314266266	-1.2110719343296	0.197053406998158	0.520008715229864	0.461754284032399	2231	tags=29%, list=13%, signal=25%	777/7124/8835/3667/6517/389692/8660/8651/110117499/9021
hsa00640	Propanoate metabolism	30	0.422404317712224	1.1977777147365	0.211328976034858	0.520008715229864	0.461754284032399	3662	tags=27%, list=22%, signal=21%	3948/32/18/79611/8310/1738/5095/1962
hsa00970	Aminoacyl-tRNA biosynthesis	44	0.39176042491749	1.19773948727708	0.194260485651214	0.520008715229864	0.461754284032399	6213	tags=55%, list=37%, signal=34%	123283/2058/57176/55157/10352/2617/54938/833/4677/25973/118672/51520/7453/16/55699/51091/23395/3376/3035/57505/80222/92935/6897/8565
hsa05133	Pertussis	67	-0.375277873717821	-1.18540997791402	0.199294532627866	0.520008715229864	0.461754284032399	3135	tags=45%, list=19%, signal=36%	5603/929/3659/5599/722/3684/6372/3569/5970/840/805/10392/4615/721/51806/725/834/7099/7124/51135/3725/3592/6374/51561/2353/148022/353376/1073/4843/3576
hsa05416	Viral myocarditis	54	-0.3852525826605	-1.18045180840441	0.208480565371025	0.520008715229864	0.461754284032399	3347	tags=35%, list=20%, signal=28%	71/3133/3117/3127/3108/3119/3113/3111/3112/3117/3134/3123/8910/637/3122/942/3115/3109/3908
hsa04918	Thyroid hormone synthesis	57	-0.377661814851749	-1.16326573436181	0.212765957446809	0.520008715229864	0.461754284032399	2325	tags=23%, list=14%, signal=20%	7038/148327/5582/478/111/107/2876/405753/7849/5172/6528/486/9586
hsa05206	MicroRNAs in cancer	152	0.312238229989458	1.15791658058034	0.205882352941176	0.520008715229864	0.461754284032399	2810	tags=27%, list=17%, signal=23%	9759/1591/7473/1789/8434/5155/5579/3690/672/54541/3678/472/100532731/4854/5598/4318/6624/995/85414/7078/5295/1545/3925/9493/7148/2146/6541/2475/3371/6935/4082/993/894/113130/7042/6655/6093/57521/5743/1021/4855
hsa05224	Breast cancer	125	0.32026699553722	1.1567631223137	0.206812652068127	0.520008715229864	0.461754284032399	2046	tags=22%, list=12%, signal=19%	2099/7481/2250/7475/2246/7476/11211/7473/27006/81029/8600/2535/672/2260/6932/1950/8324/26508/388585/4854/5295/10023/53358/28514/182/2475/675
hsa04725	Cholinergic synapse	83	-0.355173523047554	-1.15286418811238	0.211640211640212	0.520008715229864	0.461754284032399	1709	tags=22%, list=10%, signal=20%	1143/5582/111/56479/3770/3786/2785/107/2353/2791/1131/1139/110117499/10000/1128/9586/43/2788
hsa04912	GnRH signaling pathway	79	-0.358863945490389	-1.15219733298802	0.213523131672598	0.520008715229864	0.461754284032399	333	tags=9%, list=2%, signal=9%	3725/8605/111/1839/107/1958/100137049
hsa05231	Choline metabolism in cancer	94	-0.351140711306093	-1.15123636046151	0.201739130434783	0.520008715229864	0.461754284032399	701	tags=15%, list=4%, signal=14%	6009/255189/8526/1120/10434/5582/3725/8605/5156/8395/2353/110117499/10000/100137049
hsa04550	Signaling pathways regulating pluripotency of stem cells	123	0.316883485857239	1.14638319397323	0.20763723150358	0.520008715229864	0.461754284032399	1232	tags=13%, list=7%, signal=12%	3624/5460/7481/130399/7475/3198/7476/11211/7473/2264/81029/2535/2260/6932/8324/100532731
hsa04810	Regulation of actin cytoskeleton	188	0.293795155177142	1.1354359751266	0.194871794871795	0.520008715229864	0.461754284032399	1149	tags=13%, list=7%, signal=12%	2335/2250/4638/3680/2246/3683/1132/27006/2264/3676/5155/3690/4660/128239/81624/22808/2260/3678/87/4628/3694/4478/1950/7410
hsa01240	Biosynthesis of cofactors	137	-0.32184882762493	-1.11805132441695	0.202995008319468	0.520008715229864	0.461754284032399	3624	tags=27%, list=22%, signal=21%	93100/7389/84274/27010/1355/2677/9249/64802/11019/4832/158/129607/326625/219/204/10327/79001/7390/441024/54658/8564/3145/493911/4830/51601/112724/5805/53630/54995/195814/654364/249/3620/7364/7366/54577/54576
hsa04014	Ras signaling pathway	186	-0.309177515876007	-1.11655443918209	0.212317666126418	0.520008715229864	0.461754284032399	2027	tags=12%, list=12%, signal=11%	5582/51365/3791/8398/8605/7074/5156/2113/284/5336/64926/2785/50487/4803/2791/3479/110117499/399694/10000/5923/2788/2247/100137049
hsa00400	Phenylalanine, tyrosine and tryptophan biosynthesis	4	-0.707241212835578	-1.25737154972259	0.218074656188605	0.523964610171279	0.465267016382612	367	tags=50%, list=2%, signal=49%	2805/259307
hsa05161	Hepatitis B	146	-0.316752004117888	-1.10597164235704	0.217905405405405	0.523964610171279	0.465267016382612	2439	tags=16%, list=15%, signal=14%	7099/148327/9641/355/6776/7124/5582/51135/843/3725/9134/3665/637/1960/4609/2353/148022/353376/1959/110117499/3576/10000/9586
hsa00260	Glycine, serine and threonine metabolism	33	0.408457682050448	1.18711211556458	0.220264317180617	0.524563306181785	0.465798642948836	338	tags=12%, list=2%, signal=12%	189/102724560/55349/51268
hsa04935	Growth hormone synthesis, secretion and action	99	-0.341060060330689	-1.12685641233455	0.221254355400697	0.524563306181785	0.465798642948836	2324	tags=19%, list=14%, signal=17%	148327/6776/5582/8835/3667/9564/111/5336/8660/107/8651/2353/3479/3483/110117499/9021/399694/10000/9586
hsa04961	Endocrine and other factor-regulated calcium reabsorption	41	0.384234034953404	1.15588810429324	0.234513274336283	0.549468713105077	0.487913999875722	3844	tags=44%, list=23%, signal=34%	2099/1759/5330/23236/5579/8218/1213/3816/490/26052/160/163/6546/493/115/7421/2778/476
hsa04514	Cell adhesion molecules	117	0.311343438853025	1.11966585013354	0.235849056603774	0.549468713105077	0.487913999875722	2300	tags=25%, list=14%, signal=21%	3897/10666/22854/1462/4685/1000/3680/23562/3683/57689/3676/7412/57502/80380/57555/26047/4684/925/9378/5175/54413/5789/3685/6402/83692/4897/1001/83700/5792
hsa05203	Viral carcinogenesis	177	-0.306208935621542	-1.09599577120025	0.236363636363636	0.549468713105077	0.487913999875722	3249	tags=22%, list=20%, signal=18%	3133/2961/578/572/85477/468/9093/3065/2959/728340/148327/2958/23352/5423/6776/8362/1019/51564/3725/3134/9134/8370/1029/8294/3665/4791/1960/9734/7185/245972/8363/554313/5366/1959/110117499/8365/121504/8367/9586
hsa04973	Carbohydrate digestion and absorption	36	-0.40387866164873	-1.15520609076058	0.245009074410163	0.565891926702184	0.502497388603527	1071	tags=19%, list=6%, signal=18%	278/6523/276/110117499/10000/277/486
hsa01232	Nucleotide metabolism	81	-0.343275225667589	-1.10984213947429	0.252204585537919	0.578777189888301	0.513939168909929	2831	tags=21%, list=17%, signal=17%	4832/158/129607/1841/7371/204/56953/79077/4830/115024/151531/2987/7498/84284/654364/7378/284958
hsa00620	Pyruvate metabolism	39	0.380008086952283	1.14262486261971	0.258134490238612	0.581418676856938	0.516284740990283	203	tags=5%, list=1%, signal=5%	3948/32
hsa04625	C-type lectin receptor signaling pathway	92	-0.335139199625416	-1.09913620071158	0.255652173913043	0.581418676856938	0.516284740990283	2287	tags=39%, list=14%, signal=34%	5603/3659/5599/5533/4773/3569/5580/5970/805/3551/4792/6367/841/6237/8915/22800/1540/4776/51806/834/9641/7124/3725/5336/3592/1263/4791/51561/1960/4046/6361/5971/9020/1959/110117499/10000
hsa04015	Rap1 signaling pathway	175	0.2890166668325	1.09432871090517	0.258227848101266	0.581418676856938	0.516284740990283	1490	tags=14%, list=9%, signal=13%	285/2250/1436/5330/2246/3683/2533/11069/27006/2264/23236/5155/5579/3690/196883/83660/113/22808/2260/1950/7410/810/5587/5295
hsa00533	Glycosaminoglycan biosynthesis - keratan sulfate	14	0.494246553885981	1.1917060961158	0.265593561368209	0.583410288445869	0.518053240548816	1474	tags=21%, list=9%, signal=20%	6483/8534/2683
hsa04740	Olfactory transduction	38	0.382751967303885	1.13649905516162	0.262114537444934	0.583410288445869	0.518053240548816	2367	tags=26%, list=14%, signal=23%	123041/26664/338755/816/810/5592/125963/1258/157/1262
hsa04911	Insulin secretion	57	0.34600623282537	1.11751586608061	0.267123287671233	0.583410288445869	0.518053240548816	1770	tags=25%, list=11%, signal=22%	27345/816/5330/11069/27445/23236/5579/196883/113/3782/3783/9699/776/27094
hsa04713	Circadian entrainment	68	-0.35047084180024	-1.11027353361434	0.263716814159292	0.583410288445869	0.518053240548816	1234	tags=10%, list=7%, signal=10%	2785/107/2353/2791/51655/2788/2890
hsa05100	Bacterial invasion of epithelial cells	76	0.326846824931933	1.10387398994846	0.267260579064588	0.583410288445869	0.518053240548816	4815	tags=37%, list=29%, signal=26%	2335/1496/1759/29119/3678/5295/53358/8218/55964/1731/1213/857/26052/3688/5829/23607/8503/23176/5296/23157/10095/2017/8936/1399/10097/79658/1212/1785
hsa04936	Alcoholic liver disease	114	-0.316271339495073	-1.06569051519063	0.269896193771626	0.585592953759044	0.519991390871012	2549	tags=18%, list=15%, signal=15%	2919/131/219/51176/128/7099/9641/64900/355/7124/51135/3592/2921/148022/9020/3576/1375/10000/2920/10891
hsa03013	Nucleocytoplasmic transport	105	0.308259256441868	1.09397809805297	0.277522935779817	0.598513319332375	0.531464341188996	6149	tags=47%, list=37%, signal=30%	728343/26019/55705/7175/5976/3841/30000/51194/25909/9670/65110/79711/5903/23165/23534/8021/4686/3837/55308/100101267/392517/3838/8086/9972/65109/57187/22916/348995/3839/56000/57510/2733/9631/11269/23511/129401/3840/3836/57122/5411/51808/8563/10762/1434/10189/64328/59343/55110/23225
hsa04390	Hippo signaling pathway	147	0.292265825987427	1.07609397110847	0.282178217821782	0.604908993893401	0.537143534712753	1188	tags=13%, list=7%, signal=12%	1496/5054/7481/7475/1740/2246/29119/7476/11211/7473/4092/81029/2535/122786/6932/8324/4771/85407/8200
hsa03265	Virion - Ebolavirus, Lyssavirus and Morbillivirus	7	0.576580734553406	1.17287240085401	0.298387096774194	0.621061515378845	0.551486555849489	975	tags=29%, list=6%, signal=27%	4685/4684
hsa05340	Primary immunodeficiency	23	0.426515399847166	1.1414037675323	0.29637526652452	0.621061515378845	0.551486555849489	1788	tags=30%, list=11%, signal=27%	3575/5896/115650/925/3932/930/100
hsa04966	Collecting duct acid secretion	23	-0.432581097843866	-1.12803339721653	0.292682926829268	0.621061515378845	0.551486555849489	3386	tags=39%, list=20%, signal=31%	9114/23545/9296/90423/8992/760/245973/525/245972
hsa04330	Notch signaling pathway	56	0.339086631499635	1.09241526353912	0.296803652968037	0.621061515378845	0.551486555849489	1957	tags=20%, list=12%, signal=17%	3955/26508/388585/4854/79816/441478/9253/28514/182/9794/7090
hsa05142	Chagas disease	85	-0.331893990834394	-1.07857362493909	0.294220665499124	0.621061515378845	0.551486555849489	2679	tags=22%, list=16%, signal=19%	624/6347/5520/7099/355/7124/51135/3725/917/3592/6352/107/2353/148022/5522/4843/110117499/3576/10000
hsa00232	Caffeine metabolism	5	-0.64274709514137	-1.18298198876302	0.306910569105691	0.624283998521803	0.554348037499514	1180	tags=60%, list=7%, signal=56%	10/7498/1548
hsa04950	Maturity onset diabetes of the young	12	0.497080086618921	1.15253755040924	0.304347826086957	0.624283998521803	0.554348037499514	1779	tags=33%, list=11%, signal=30%	3172/3110/2494/6928
hsa05235	PD-L1 expression and PD-1 checkpoint pathway in cancer	78	-0.333759102654032	-1.07162481858117	0.303571428571429	0.624283998521803	0.554348037499514	1863	tags=14%, list=11%, signal=13%	3725/917/4794/116071/10538/2353/55509/148022/353376/110117499/10000
hsa04072	Phospholipase D signaling pathway	127	-0.300672923216833	-1.04126443539003	0.305743243243243	0.624283998521803	0.554348037499514	410	tags=10%, list=2%, signal=10%	8605/111/5156/5336/107/8395/8877/110117499/2917/399694/3576/10000/100137049
hsa04658	Th1 and Th2 cell differentiation	74	-0.33584603815927	-1.06915219459296	0.308928571428571	0.624838579499596	0.554840491058154	3102	tags=29%, list=19%, signal=24%	3594/3117/3127/3108/3119/3113/6776/3111/3725/54567/3112/3117/3560/3123/917/4794/3592/3122/3561/3115/2353/3109
hsa00730	Thiamine metabolism	11	-0.5195762030829	-1.15398345199994	0.310891089108911	0.625275336522416	0.555228319993442	3471	tags=55%, list=21%, signal=43%	203/79178/27010/204/84284/249
hsa00780	Biotin metabolism	3	-0.68953850006641	-1.14662010909622	0.316929133858268	0.633858267716535	0.562849740812684	1099	tags=67%, list=7%, signal=62%	3141/54995
hsa00910	Nitrogen metabolism	13	0.476740494048444	1.12493010807612	0.324596774193548	0.635750381388253	0.564529888795215	433	tags=23%, list=3%, signal=22%	768/759/1373
hsa00450	Selenocompound metabolism	16	0.451249689635113	1.11469560325431	0.323770491803279	0.635750381388253	0.564529888795215	5904	tags=59%, list=36%, signal=38%	883/4548/56267/118672/9060/22929/51091/7296/92935/114112
hsa04216	Ferroptosis	40	0.359545977175109	1.08170765016578	0.326754385964912	0.635750381388253	0.564529888795215	248	tags=5%, list=1%, signal=5%	7018/23305
hsa00860	Porphyrin metabolism	36	-0.377355805056812	-1.07934329237881	0.326678765880218	0.635750381388253	0.564529888795215	396	tags=22%, list=2%, signal=22%	7390/3163/54658/3145/7364/7366/54577/54576
hsa05017	Spinocerebellar ataxia	126	-0.299531294819916	-1.03449063811973	0.321489001692047	0.635750381388253	0.564529888795215	410	tags=5%, list=2%, signal=5%	5691/6095/110117499/10000/5649/2890
hsa05332	Graft-versus-host disease	25	0.404967843954451	1.09774441161474	0.328947368421053	0.636557610241821	0.565246687130344	5	tags=4%, list=0%, signal=4%	3824
hsa04614	Renin-angiotensin system	15	0.455553256256999	1.11583493211015	0.331983805668016	0.638979582952418	0.567397336229434	3464	tags=33%, list=21%, signal=26%	2028/7064/3816/10159/4311
hsa04211	Longevity regulating pathway	81	-0.326690001382571	-1.05622049879705	0.335097001763668	0.641522602306916	0.569655471616256	1788	tags=30%, list=11%, signal=27%	5970/51422/83667/581/9470/60673/109/6199/9474/108/468/5571/6009/148327/3667/111/8660/107/5468/3479/110117499/10000/9586/10891
hsa04066	HIF-1 signaling pathway	96	0.300937680490441	1.04894274453609	0.338823529411765	0.645206508135169	0.572926684671629	2002	tags=16%, list=12%, signal=14%	7018/3948/285/5054/816/5579/3091/1950/5163/5213/4846/5295/3570/3098/2475
hsa04979	Cholesterol metabolism	37	0.364670933542445	1.08000348481277	0.342222222222222	0.648230452674897	0.575611869179121	2897	tags=30%, list=17%, signal=25%	338/4036/19/348/335/949/51129/255738/29116/4035/8647
hsa04611	Platelet activation	102	-0.30979457060996	-1.02576786539833	0.355633802816901	0.67008895478132	0.595021653466506	410	tags=5%, list=2%, signal=5%	110117499/83706/10000/2814/100137049
hsa04650	Natural killer cell mediated cytotoxicity	82	0.310853086908875	1.05837709144739	0.358796296296296	0.672508241225519	0.59716991723054	1549	tags=11%, list=9%, signal=10%	3824/3683/1437/5579/2534/7410/3932/5295/53358
hsa00250	Alanine, aspartate and glutamate metabolism	33	0.362757041822689	1.05429105211661	0.363436123348018	0.674145762479742	0.59862399373385	3374	tags=36%, list=20%, signal=29%	189/9945/1373/18/790/443/122622/2875/5471/57494/2673/80150
hsa04371	Apelin signaling pathway	113	-0.301780253064086	-1.01690366793385	0.361921097770154	0.674145762479742	0.59862399373385	1234	tags=12%, list=7%, signal=12%	2785/107/6194/8877/2791/4207/4843/643246/1958/10000/4634/4208/10891/2788
hsa04122	Sulfur relay system	8	-0.530600511929039	-1.09090228751992	0.366733466933868	0.676755573001673	0.600941437949148	4942	tags=62%, list=30%, signal=44%	4357/81605/348180/7263/90353
hsa00061	Fatty acid biosynthesis	16	0.439847466175963	1.08652936037553	0.370901639344262	0.680937368642287	0.604654764275127	248	tags=12%, list=1%, signal=12%	32/23305
hsa05202	Transcriptional misregulation in cancer	148	-0.287007518734942	-1.00391218889264	0.373109243697479	0.681495455324987	0.605150330809015	1662	tags=14%, list=10%, signal=13%	3560/2119/5328/3398/64332/4616/1647/5468/7849/942/2118/4609/7185/1848/3479/8013/3576/7850/1649/4208/597
hsa04970	Salivary secretion	71	0.309799775590736	1.03768322803169	0.381374722838137	0.686113046986759	0.609250632725672	1360	tags=17%, list=8%, signal=15%	1755/1470/6263/5330/23236/5579/196883/3709/113/3783/810/5592
hsa04710	Circadian rhythm	33	-0.369936293799766	-1.03630702981876	0.381386861313869	0.686113046986759	0.609250632725672	4319	tags=58%, list=26%, signal=43%	5563/26224/1407/5562/1385/9575/51422/1454/1628/9975/8945/5571/6097/9978/102800317/406/4783/6095/9572
hsa05010	Alzheimer disease	347	-0.260887830917405	-0.997969672179895	0.380368098159509	0.686113046986759	0.609250632725672	4281	tags=31%, list=26%, signal=23%	83464/5704/805/4708/3551/6868/1340/1454/27035/841/3028/4701/55851/513/55967/60673/5692/9167/5689/5683/9377/1020/7384/5687/509/7385/6390/5686/55630/1965/1435/9451/5706/4509/1337/4706/1346/291/4891/572/292/468/1329/4712/518/51806/5688/6392/5719/4729/5714/4711/4695/1327/515/51384/4704/1536/4715/322/4714/4697/4722/355/7124/516/125965/51079/539/102800317/3667/4713/4539/4700/8326/8660/10975/27089/1537/5691/637/7480/126328/29986/1349/1347/4514/4512/1131/4541/4519/4513/1139/4508/4536/4540/4843/4535/4538/110117499/10000/341947/1649/1128/22943/27123
hsa03050	Proteasome	43	-0.347763410282033	-1.01890502375432	0.389492753623188	0.697192028985507	0.619088482074752	3826	tags=35%, list=23%, signal=27%	5704/5692/5720/5689/5683/5687/5686/5706/5688/5719/5714/5696/5698/5699/5691
hsa00534	Glycosaminoglycan biosynthesis - heparan sulfate / heparin	19	-0.429030389733185	-1.05964855491278	0.39458413926499	0.699176075678975	0.620850264201853	523	tags=26%, list=3%, signal=26%	9953/26035/9957/64131/9956
hsa04622	RIG-I-like receptor signaling pathway	55	-0.332122829480033	-1.01622364698065	0.393673110720562	0.699176075678975	0.620850264201853	5644	tags=42%, list=34%, signal=28%	8717/3627/4214/5300/5603/5599/9755/5970/7706/3551/4792/841/23586/1540/9474/9641/7124/80143/843/3592/3665/9636/3576
hsa04972	Pancreatic secretion	65	-0.321674752916634	-1.01328844811744	0.39646017699115	0.699176075678975	0.620850264201853	2027	tags=20%, list=12%, signal=18%	5582/760/478/111/107/50487/278/1131/276/5646/277/22802/486
hsa05210	Colorectal cancer	85	-0.309028202376372	-1.00426545116874	0.401050788091068	0.70380481439511	0.624960464414358	3143	tags=19%, list=19%, signal=15%	578/596/572/374/51176/10912/3725/27113/4616/1647/4609/2353/5366/2069/110117499/10000
hsa04360	Axon guidance	162	0.268203668343426	1.00316651415718	0.406483790523691	0.70985949759747	0.630336866434684	4554	tags=37%, list=27%, signal=27%	6586/3897/22854/816/91653/57689/9353/2048/81029/84448/54910/2242/2534/5362/5365/5727/5295/7225/55740/10500/6092/2042/5921/2049/55558/9423/6093/54437/2051/10154/6091/2771/3688/9901/23380/25/5781/10298/54434/8503/25791/9860/10512/2932/5296/1947/659/57556/1808/6405/10509/5364/5998/6608/1945/3985/64221/818/84552/5062
hsa05225	Hepatocellular carcinoma	155	0.268006338224524	1.00069083501471	0.415458937198068	0.722011162703438	0.641127230627575	3853	tags=28%, list=23%, signal=22%	3481/7481/7475/7476/8193/11211/7473/2944/81029/5579/2535/6932/8324/7046/5295/10023/53358/2948/2939/2475/57492/7042/6655/1728/83439/6602/6599/1021/7479/2941/196528/6597/55193/8321/7048/55274/8503/2932/6198/5296/29117/8289/7483
hsa04921	Oxytocin signaling pathway	122	-0.285394530246038	-0.975037118994766	0.417525773195876	0.722097714029583	0.641204085965699	855	tags=11%, list=5%, signal=11%	3725/8605/111/4637/3770/107/782/785/93589/1827/2353/5021/4208/100137049
hsa04350	TGF-beta signaling pathway	92	0.287047554319117	0.996967292474297	0.423887587822014	0.722627411620386	0.641674443720543	2527	tags=18%, list=15%, signal=16%	7018/3624/130399/2200/375387/2331/4092/1030/8200/7046/5933/6498/6497/9241/7042/25805/6093
hsa05215	Prostate cancer	93	-0.298769179633097	-0.981882103678594	0.422876949740035	0.722627411620386	0.641674443720543	1617	tags=11%, list=10%, signal=10%	5156/9134/2119/5328/3479/110117499/7850/10000/367/9586
hsa05022	Pathways of neurodegeneration - multiple diseases	425	-0.251221636473334	-0.979541787301611	0.422848664688427	0.722627411620386	0.641674443720543	3670	tags=22%, list=22%, signal=18%	5683/9377/1020/7384/5687/6310/509/7385/6390/5686/1965/1435/9246/9451/5706/4509/1337/4706/1346/291/578/596/572/292/468/1329/8878/4712/518/51806/84134/5688/6392/5719/7314/4729/5714/4711/4695/118424/1327/515/51384/4704/203228/1536/4715/4714/4697/4722/355/7124/516/84516/5582/11258/125965/51079/539/102800317/4713/4539/4700/8326/10975/27089/1537/5691/637/7480/126328/2876/1349/1347/4514/4512/1131/4541/4519/4513/1139/4508/4536/4540/4843/4535/4538/643246/116442/341947/1649/1128/22943/27123/2890
hsa05216	Thyroid cancer	35	-0.357010813160192	-1.0087337072281	0.430939226519337	0.729226455550058	0.647534223981527	2474	tags=23%, list=15%, signal=19%	578/51176/10912/4616/1647/5468/7849/4609
hsa04148	Efferocytosis	137	0.273167618841197	0.995164483071044	0.43640897755611	0.729226455550058	0.647534223981527	3202	tags=26%, list=19%, signal=21%	575/126129/816/1901/8578/63982/177/3690/338440/3091/140885/10326/84466/1849/19/5175/4240/121601/5732/3685/6566/23355/57617/246/488/10396/5743/4035/24145/50636/2621/196527/54896/51761/2057
hsa05218	Melanoma	57	-0.321550007349907	-0.990431361404029	0.437943262411348	0.729226455550058	0.647534223981527	2295	tags=19%, list=14%, signal=17%	10912/4233/1019/5156/1029/4616/1647/3479/110117499/10000/2247
hsa04640	Hematopoietic cell lineage	66	0.301007352830839	0.988270457877531	0.433874709976798	0.729226455550058	0.647534223981527	1875	tags=24%, list=11%, signal=21%	3575/1438/1436/3590/1441/1437/3676/3690/3563/3678/925/2815/3589/930/3553/3570
hsa01521	EGFR tyrosine kinase inhibitor resistance	77	-0.306487400575598	-0.980343143090127	0.43705035971223	0.729226455550058	0.647534223981527	2169	tags=14%, list=13%, signal=12%	4233/5582/3791/5156/5336/6194/3479/110117499/399694/10000/2247
hsa04612	Antigen processing and presentation	56	0.306828636733512	0.988491597490036	0.447488584474886	0.741670894638931	0.658584563895787	5	tags=2%, list=0%, signal=2%	3824
hsa05143	African trypanosomiasis	26	0.369345346745216	1.00919500851286	0.45353982300885	0.748236205701236	0.664414390243379	1810	tags=31%, list=11%, signal=27%	5330/7412/23236/5579/335/3040/3553/7064
hsa04720	Long-term potentiation	57	-0.315933873690524	-0.973132668264718	0.459219858156028	0.754131693669074	0.669649431014585	7	tags=4%, list=0%, signal=4%	107/2890
hsa00051	Fructose and mannose metabolism	33	-0.348678473597737	-0.976757240076016	0.465328467153285	0.760673932606739	0.675458769912483	735	tags=12%, list=4%, signal=12%	3795/57103/229/5207
hsa00514	Other types of O-glycan biosynthesis	38	0.333701181168408	0.990853371115679	0.469162995594714	0.763456147376852	0.677929304639251	3330	tags=26%, list=20%, signal=21%	3955/727936/55568/57452/2683/2590/23127/29954/2589/8985
hsa00750	Vitamin B6 metabolism	6	0.511107248014869	1.00089053027802	0.471624266144814	0.763988630225536	0.678402135631026	299	tags=17%, list=2%, signal=16%	316
hsa05410	Hypertrophic cardiomyopathy	69	-0.307502571226415	-0.967567006823066	0.473873873873874	0.764174985796607	0.678567614556235	1661	tags=17%, list=10%, signal=16%	8515/8910/3696/7137/782/785/93589/8516/3479/1906/4634/3908
hsa04662	B cell receptor signaling pathway	64	-0.300001228343862	-0.950845343010878	0.477351916376307	0.766331776065999	0.680482788509061	1863	tags=12%, list=11%, signal=11%	3725/5336/4794/29760/971/2353/110117499/10000
hsa00290	Valine, leucine and isoleucine biosynthesis	3	-0.617957216028924	-1.02758898943517	0.484251968503937	0.770498687664042	0.684182898190358	6344	tags=100%, list=38%, signal=62%	587/113675
hsa05417	Lipid and atherosclerosis	186	-0.263510434884438	-0.951633707927903	0.482982171799028	0.770498687664042	0.684182898190358	3162	tags=20%, list=19%, signal=16%	3312/596/572/4688/468/5908/51806/834/2919/6347/7099/1536/9641/355/7124/51135/3725/6403/3592/6352/3665/8797/637/5468/1548/2921/2353/148022/353376/110117499/3576/10000/653361/2920/1543/1649/25833
hsa05220	Chronic myeloid leukemia	77	-0.29727304363417	-0.950869723861313	0.492805755395683	0.780639205449799	0.693187415600822	3188	tags=19%, list=19%, signal=16%	1870/578/572/3065/25759/10912/6776/1019/1029/4616/1647/4609/110117499/399694/10000
hsa00790	Folate biosynthesis	21	0.373430718631633	0.977560990180362	0.498956158663883	0.786900021152732	0.69874685794803	4556	tags=48%, list=27%, signal=35%	121278/441282/1719/57016/231/10243/84105/4337/200895/2643
hsa00430	Taurine and hypotaurine metabolism	12	-0.426464702310545	-0.962025217182423	0.518145161290323	0.810026060008452	0.719282182071604	1075	tags=25%, list=6%, signal=23%	2571/2327/2678
hsa05170	Human immunodeficiency virus 1 infection	182	-0.259651873522251	-0.937634661831412	0.51628664495114	0.810026060008452	0.719282182071604	4256	tags=26%, list=26%, signal=20%	805/3551/581/4792/841/4615/3984/27350/23118/200316/6921/8945/6199/1174/3133/8905/578/596/572/115004/4776/6923/9616/51806/9978/6890/7099/355/7124/5582/51135/3725/3134/917/7465/5336/60489/2785/637/2353/2791/7852/1073/110117499/10000/9582/2788/200315
hsa04975	Fat digestion and absorption	24	0.357636222347903	0.960405618409911	0.540130151843818	0.81107918940285	0.720217333724377	1781	tags=21%, list=11%, signal=19%	338/19/335/949/1056
hsa04020	Calcium signaling pathway	171	0.252121251013888	0.948331176953904	0.538653366583541	0.81107918940285	0.720217333724377	1464	tags=15%, list=9%, signal=14%	2250/552/816/4638/6263/5330/2246/2668/5027/27006/2264/23236/5155/5579/196883/3709/113/2260/2066/2915/1950/255231/810/814/4846/776
hsa05222	Small cell lung cancer	88	0.274082327887508	0.947576349554831	0.532258064516129	0.81107918940285	0.720217333724377	1497	tags=14%, list=9%, signal=12%	1282/2335/3912/1284/3909/3918/284217/1286/1288/1030/5295/3915
hsa04978	Mineral absorption	45	-0.320489114989275	-0.943705865649932	0.524770642201835	0.81107918940285	0.720217333724377	2063	tags=20%, list=12%, signal=18%	3163/478/30061/4499/115019/6523/486/4495/4496
hsa04925	Aldosterone synthesis and secretion	71	0.280851902600636	0.94072149772785	0.541019955654102	0.81107918940285	0.720217333724377	1585	tags=20%, list=10%, signal=18%	816/5330/3991/23236/5579/196883/3709/113/810/5587/814/776/949/3762
hsa04130	SNARE interactions in vesicular transport	32	-0.33845901283586	-0.938606867871141	0.527881040892193	0.81107918940285	0.720217333724377	5112	tags=47%, list=31%, signal=33%	6804/9570/6809/53407/9342/8674/8676/6811/55850/9482/8417/662/8673/415117/10791
hsa05230	Central carbon metabolism in cancer	60	0.288656867185117	0.935845435173236	0.54147465437788	0.81107918940285	0.720217333724377	2179	tags=18%, list=13%, signal=16%	3948/8140/3091/2260/5163/5213/5295/5979/3098/2475/5214
hsa00760	Nicotinate and nicotinamide metabolism	33	-0.33349219222908	-0.934215725758791	0.536496350364963	0.81107918940285	0.720217333724377	24	tags=12%, list=0%, signal=12%	56953/51548/10135/284958
hsa01522	Endocrine resistance	93	-0.281775772846403	-0.926034569388491	0.528596187175043	0.81107918940285	0.720217333724377	2054	tags=16%, list=12%, signal=14%	1019/3725/54567/111/1839/1029/107/638/2100/2353/3479/110117499/399694/10000/1565
hsa04920	Adipocytokine signaling pathway	60	-0.295334193489874	-0.917969550128621	0.535211267605634	0.81107918940285	0.720217333724377	1788	tags=13%, list=11%, signal=12%	3667/6517/4794/8660/9021/1375/10000/10891
hsa00670	One carbon pool by folate	35	0.318090257834817	0.937965470994516	0.55119825708061	0.81879243167991	0.727066493288247	4491	tags=46%, list=27%, signal=33%	102724560/55349/1719/160428/4548/275/501/4524/1738/10768/10797/7298/200895/100528021/875/29958
hsa03266	Virion - Herpesvirus	9	-0.442101510662423	-0.929584826870421	0.548979591836735	0.81879243167991	0.727066493288247	772	tags=22%, list=5%, signal=21%	29990/29992
hsa04213	Longevity regulating pathway - multiple species	56	-0.295779830441984	-0.907840030131259	0.560283687943262	0.828849422659868	0.735996841056395	3755	tags=27%, list=23%, signal=21%	109/81570/6199/9474/3312/108/5571/3065/3667/111/8660/107/3479/110117499/10000
hsa00340	Histidine metabolism	17	0.359680350778774	0.90058811577364	0.568228105906314	0.837142641623293	0.74336100491101	4686	tags=47%, list=28%, signal=34%	3067/443/57571/144193/501/55748/218/138199
hsa04270	Vascular smooth muscle contraction	101	-0.275508784954031	-0.912036941704698	0.576182136602452	0.845381987310155	0.750677330689993	2027	tags=13%, list=12%, signal=11%	5582/8398/8605/111/4637/136/107/10242/50487/10335/1906/1907/100137049
hsa04261	Adrenergic signaling in cardiomyocytes	114	0.260045675082214	0.932609577839911	0.591981132075472	0.862507008690777	0.765883906570463	1464	tags=16%, list=9%, signal=14%	55799/816/64208/5330/11069/781/23236/196883/5502/6324/113/5523/9254/7169/786/59285/810/776
hsa00380	Tryptophan metabolism	32	0.313298723143006	0.909539174360713	0.592672413793103	0.862507008690777	0.765883906570463	1659	tags=18%, list=10%, signal=16%	883/121278/316/6999/51166/1545
hsa04630	JAK-STAT signaling pathway	116	-0.266875661802403	-0.902133805853141	0.598615916955017	0.867629547651401	0.770432588623121	2203	tags=18%, list=13%, signal=16%	6776/5292/1440/8835/3560/5156/3592/64109/51561/8651/3561/85480/3598/4609/3581/110117499/9021/10000/5618/11009/29949
hsa03420	Nucleotide excision repair	61	0.280246089253844	0.908074456827265	0.603729603729604	0.871512895706444	0.773880901215366	12	tags=2%, list=0%, signal=2%	100533467
hsa04621	NOD-like receptor signaling pathway	145	-0.256908626338707	-0.896940825041874	0.623115577889447	0.881293831401174	0.782566119033092	2587	tags=32%, list=16%, signal=27%	3569/329/7419/54822/1535/5580/5970/10392/3551/4792/841/4615/23118/25828/115361/79792/2633/9474/7205/11345/4940/596/834/2919/2634/837/6347/7099/1536/115362/9641/7124/330/51135/10135/3725/6352/3665/4938/7128/2921/148022/1673/4671/643246/3576/2920
hsa05414	Dilated cardiomyopathy	72	-0.282219668003213	-0.89044124139618	0.620503597122302	0.881293831401174	0.782566119033092	1709	tags=18%, list=10%, signal=16%	111/8515/8910/3696/107/7137/782/785/93589/8516/3479/4634/3908
hsa04146	Peroxisome	77	0.262987103009765	0.889898607156924	0.623318385650224	0.881293831401174	0.782566119033092	1211	tags=8%, list=7%, signal=7%	189/23305/51268/8309/51555/225
hsa03272	Virion - Hepatitis viruses	38	-0.306709509972129	-0.88471822034639	0.62043795620438	0.881293831401174	0.782566119033092	3535	tags=29%, list=21%, signal=23%	967/7251/9074/9073/928/137075/1364/1366/1365/100506658/9080
hsa05030	Cocaine addiction	33	-0.31409163364152	-0.879868705518647	0.627737226277372	0.881293831401174	0.782566119033092	2324	tags=18%, list=14%, signal=16%	148327/3725/111/26086/2354/9586
hsa04623	Cytosolic DNA-sensing pathway	61	-0.279721799621624	-0.875699486968394	0.62652705061082	0.881293831401174	0.782566119033092	4684	tags=38%, list=28%, signal=27%	3569/10623/5970/840/197259/3551/4792/841/661/10622/23586/51082/79792/115004/653082/5437/834/9533/9641/5435/6352/3665/90865
hsa00062	Fatty acid elongation	25	-0.326443615795593	-0.874331896450094	0.620879120879121	0.881293831401174	0.782566119033092	2818	tags=24%, list=17%, signal=20%	79993/6785/5538/9200/122970/79071
hsa04670	Leukocyte transendothelial migration	98	0.262938522520183	0.912256634954845	0.630331753554502	0.881479561611374	0.782731042654028	1490	tags=15%, list=9%, signal=14%	1496/23562/3683/29119/11069/4313/3676/7412/5579/87/4478/7410/4318/5175/5295
hsa04150	mTOR signaling pathway	149	0.246687992262487	0.91128238110204	0.660146699266504	0.900456715034824	0.799582263865089	2770	tags=18%, list=17%, signal=15%	7481/7475/7476/11211/7473/8140/81029/5579/2535/54541/9706/2887/8324/729438/5295/96459/2475/27330/79899/57600/6655/57521/7249/9681/8408/7479/51719
hsa04915	Estrogen signaling pathway	116	0.252016840009303	0.90355415953687	0.660377358490566	0.900456715034824	0.799582263865089	1585	tags=15%, list=10%, signal=13%	9568/2099/5330/2550/8687/4313/23236/2852/196883/3709/113/4318/810/4846/5295/53358/3762
hsa05214	Glioma	72	-0.277847718452084	-0.876647148967497	0.654676258992806	0.900456715034824	0.799582263865089	3188	tags=22%, list=19%, signal=18%	1870/578/51806/25759/10912/1019/5582/5156/5336/1029/4616/1647/3479/110117499/399694/10000
hsa04923	Regulation of lipolysis in adipocytes	42	-0.296235675423656	-0.864289208684921	0.649186256781193	0.900456715034824	0.799582263865089	2464	tags=21%, list=15%, signal=18%	154/5593/3667/111/8660/107/110117499/5733/10000
hsa05223	Non-small cell lung cancer	69	-0.274147903763398	-0.86261544289937	0.65045045045045	0.900456715034824	0.799582263865089	2295	tags=20%, list=14%, signal=18%	1870/578/572/10912/6776/4233/1019/5582/5336/1029/4616/1647/110117499/10000
hsa00650	Butanoate metabolism	20	0.329374053307853	0.856686470895137	0.660455486542443	0.900456715034824	0.799582263865089	1136	tags=15%, list=7%, signal=14%	64064/6296/18
hsa00220	Arginine biosynthesis	19	-0.34308117527093	-0.847365315589204	0.661508704061896	0.900456715034824	0.799582263865089	3149	tags=42%, list=19%, signal=34%	435/2746/95/2744/27165/445/384/4843
hsa05144	Malaria	36	0.295410723529802	0.874362863677248	0.665188470066519	0.902035879862931	0.800984521371965	1756	tags=19%, list=11%, signal=17%	7060/3683/1311/7412/5175/3040/3553
hsa04115	p53 signaling pathway	75	-0.270919832722925	-0.863292577515063	0.673214285714286	0.909474393530997	0.80758972903958	2414	tags=23%, list=15%, signal=19%	92344/10912/355/2810/1019/25898/9134/10572/1029/27113/4194/8797/4616/1647/637/3479/5366
hsa00120	Primary bile acid biosynthesis	14	-0.369656515739183	-0.853162361909783	0.677227722772277	0.911456859971712	0.809350107943125	56	tags=29%, list=0%, signal=28%	10998/10005/6718/10858
hsa04610	Complement and coagulation cascades	52	0.271515127324513	0.862367811764736	0.689189189189189	0.917921742069148	0.815090755968488	2929	tags=23%, list=18%, signal=19%	3053/5054/5104/2153/728/5270/5624/2/715/10544/716/2149
hsa04971	Gastric acid secretion	56	-0.273825199442883	-0.840454458782593	0.686170212765957	0.917921742069148	0.815090755968488	2027	tags=16%, list=12%, signal=14%	5582/760/478/111/107/1131/115111/389015/2520
hsa00604	Glycosphingolipid biosynthesis - ganglio series	13	-0.36092226226195	-0.830635087507941	0.689723320158103	0.917921742069148	0.815090755968488	1002	tags=15%, list=6%, signal=14%	6489/81849
hsa00785	Lipoic acid metabolism	18	-0.332756190553035	-0.817902503647124	0.693957115009747	0.920135730272182	0.817056720206407	98	tags=28%, list=1%, signal=28%	1629/11019/116285/51601/2731
hsa04914	Progesterone-mediated oocyte maturation	85	0.248898952863818	0.860933321781179	0.712296983758701	0.937508530094172	0.832483316931608	4823	tags=39%, list=29%, signal=28%	9088/64506/196883/113/5347/64682/995/8900/5295/6790/27330/993/9133/699/85417/890/5140/2771/8503/115/5296/8881/983/29945/8379/3320/3835/8697/208/2770/996/29882/3326
hsa00512	Mucin type O-glycan biosynthesis	28	0.302695904525376	0.838039785476979	0.710762331838565	0.937508530094172	0.832483316931608	1550	tags=14%, list=9%, signal=13%	6483/55568/57452/2590
hsa05110	Vibrio cholerae infection	48	-0.281584821422356	-0.838289451251143	0.719489981785064	0.94350700908078	0.837809811062615	4993	tags=33%, list=30%, signal=23%	11015/3784/9114/23545/60/109/7082/9296/71/90423/8992/245973/525/5336/533/245972
hsa04114	Oocyte meiosis	108	0.242279601349623	0.863512326478839	0.726027397260274	0.948605139486052	0.842336818949684	4942	tags=37%, list=30%, signal=26%	9088/816/64506/196883/3709/113/5347/64682/991/810/995/9985/286151/6790/27330/9133/699/7533/9700/808/23291/151648/9748/3708/115/8881/8243/983/29945/7532/8379/818/8697/7529/5518/996/5530/29882/3710/801
hsa05418	Fluid shear stress and atherosclerosis	127	-0.247005933596403	-0.855409563430373	0.72972972972973	0.949098621420997	0.842775018139197	3127	tags=18%, list=19%, signal=15%	596/4688/2947/8878/51806/10365/6347/653689/7124/9181/3791/3725/1843/6383/445/9446/2353/1906/110117499/7850/10000/653361/4208
hsa02010	ABC transporters	36	0.276406045688489	0.818112419069004	0.731707317073171	0.949098621420997	0.842775018139197	3108	tags=28%, list=19%, signal=23%	10350/20/225/19/10060/85320/89845/10257/8647/10058
hsa05163	Human cytomegalovirus infection	189	-0.236694905042304	-0.853467501664613	0.743464052287582	0.960866897902362	0.853224943153523	3266	tags=20%, list=20%, signal=16%	3588/3133/1870/578/5734/108/468/115004/4776/51806/6009/6890/6347/148327/355/7124/1019/5582/5731/9564/111/3134/5156/1029/6352/2785/107/637/4609/2791/7852/110117499/5733/3576/10000/9586/2788
hsa00770	Pantothenate and CoA biosynthesis	18	-0.316558774716063	-0.778089849993243	0.752436647173489	0.968965178734206	0.860416006991268	4371	tags=39%, list=26%, signal=29%	79717/60490/224/51380/8875/219/8876
hsa00330	Arginine and proline metabolism	42	-0.275163345390148	-0.802809147501333	0.759493670886076	0.972726104830421	0.863755612051712	3234	tags=26%, list=19%, signal=21%	1159/548596/112483/112849/219/2628/4953/65263/384/1158/4843
hsa04392	Hippo signaling pathway - multiple species	28	-0.278343019868009	-0.770281702077206	0.760791366906475	0.972726104830421	0.863755612051712	2238	tags=18%, list=13%, signal=15%	126374/102800317/7004/83937/8642
hsa04068	FoxO signaling pathway	122	0.237902872870945	0.858971799871765	0.769047619047619	0.973599985199711	0.864531595208212	2500	tags=15%, list=15%, signal=13%	116986/3575/1901/10733/5896/5347/1950/1030/472/7046/5295/901/1032/894/9133/7042/6655/85417
hsa04928	Parathyroid hormone synthesis, secretion and action	99	0.242510173203171	0.845493965264502	0.766355140186916	0.973599985199711	0.864531595208212	1010	tags=11%, list=6%, signal=10%	65267/10893/5330/1591/23236/5579/8600/196883/3709/113/2260
hsa05221	Acute myeloid leukemia	61	-0.252559740634246	-0.790665710007044	0.769633507853403	0.973599985199711	0.864531595208212	881	tags=8%, list=5%, signal=8%	4609/1848/110117499/10000/597
hsa04722	Neurotrophin signaling pathway	112	-0.244207000469909	-0.823113402736931	0.780445969125214	0.9838016089677	0.873590373149795	3127	tags=19%, list=19%, signal=15%	596/572/468/4804/5908/51806/25759/10603/4909/10782/51135/10019/3725/3667/5336/4794/397/4803/110117499/399694/10000
hsa03250	Viral life cycle - HIV-1	62	-0.249563708821146	-0.780611635629551	0.785079928952043	0.98617057742046	0.875693955839398	3988	tags=23%, list=24%, signal=17%	23299/27350/200316/9638/4600/7251/7936/4599/5901/6827/60489/7852/9582/200315
hsa04145	Phagosome	125	0.227916179145592	0.823203872668875	0.839416058394161	1	0.887974125257277	2050	tags=13%, list=12%, signal=12%	4973/7060/10381/1311/79659/3690/9902/203068/3678/79861/10333/6441/729238/949/3685/10376/260334
hsa04144	Endocytosis	239	0.203181364766013	0.811273139590958	0.934725848563969	1	0.887974125257277	3429	tags=18%, list=21%, signal=14%	116986/27128/3579/7456/1759/273/100526767/2352/2264/22841/1601/274/7046/30845/8218/868/89853/157/1213/3800/3799/4734/857/64145/9101/64411/3135/55680/26052/80230/160/30846/8729/116983/10015/9922/8853/163/7048/8723/9727/26286
hsa00510	N-Glycan biosynthesis	52	0.251128029064872	0.797615702047525	0.801801801801802	1	0.887974125257277	18	tags=2%, list=0%, signal=2%	146664
hsa01524	Platinum drug resistance	69	-0.241317623981666	-0.759313882151816	0.830630630630631	1	0.887974125257277	3143	tags=20%, list=19%, signal=17%	578/596/572/2947/653689/355/330/1029/27113/637/9446/5366/110117499/10000
hsa04660	T cell receptor signaling pathway	98	-0.22889992377006	-0.756482576792723	0.870689655172414	1	0.887974125257277	2191	tags=12%, list=13%, signal=11%	7124/1019/3725/917/4794/5526/7006/2353/9020/5522/110117499/10000
hsa03022	Basal transcription factors	39	-0.262110721212402	-0.754094087190308	0.820702402957486	1	0.887974125257277	4350	tags=41%, list=26%, signal=30%	6880/6881/6908/6874/6879/9519/2966/404672/1022/2961/6882/2959/728340/6883/2958/6875
hsa00524	Neomycin, kanamycin and gentamicin biosynthesis	3	0.460109116833424	0.751010243134224	0.801619433198381	1	0.887974125257277	1943	tags=33%, list=12%, signal=29%	3098
hsa04136	Autophagy - other	31	0.26322597636749	0.750590874766711	0.831509846827133	1	0.887974125257277	2572	tags=16%, list=15%, signal=14%	285973/9706/2475/8678/57521
hsa04012	ErbB signaling pathway	81	-0.230331711871976	-0.74468479161473	0.885361552028219	1	0.887974125257277	2203	tags=17%, list=13%, signal=15%	572/4690/374/25759/6776/5582/3725/1839/5336/4609/2069/110117499/399694/10000
hsa05219	Bladder cancer	40	-0.256870911231123	-0.744274579960764	0.826007326007326	1	0.887974125257277	2054	tags=12%, list=12%, signal=11%	1019/1839/1029/4609/3576
hsa03015	mRNA surveillance pathway	89	0.214027550764572	0.739814173993435	0.911832946635731	1	0.887974125257277	6730	tags=60%, list=41%, signal=36%	728343/5523/26019/5976/4440/11052/23381/65110/100529063/4686/55308/8189/392517/65109/28227/5521/1479/22916/23293/56000/8106/2733/5518/23283/8732/53918/23435/2107/11269/2935/1478/5411/29894/5519/51692/5516/8731/10189/9887/5528/55110/5529/64895/9939/10978/80335/5500/2521/10767/124540/10914/10921/9775
hsa01250	Biosynthesis of nucleotide sugars	34	0.251288452475818	0.736685238338955	0.85838779956427	1	0.887974125257277	135	tags=3%, list=1%, signal=3%	9945
hsa04218	Cellular senescence	151	0.198110075775902	0.735178014677732	0.963592233009709	1	0.887974125257277	3081	tags=20%, list=19%, signal=16%	5054/3709/22808/2305/1030/472/810/7046/8900/776/5295/4605/5933/545/2475/204851/993/894/9133/10114/7042/85417/10111/7249/5883/1021/890/3135/808/23291
hsa00630	Glyoxylate and dicarboxylate metabolism	28	-0.262360614308737	-0.726052266888489	0.818345323741007	1	0.887974125257277	98	tags=14%, list=1%, signal=14%	84693/39/5096/2731
hsa04022	cGMP-PKG signaling pathway	120	-0.212891473649587	-0.724883010936597	0.937931034482759	1	0.887974125257277	3214	tags=22%, list=19%, signal=18%	3778/291/572/292/108/468/4776/51806/624/154/4209/5499/148327/5593/478/3667/111/8660/107/10242/4207/10335/10000/4208/486/9586
hsa01523	Antifolate resistance	29	0.259665189738621	0.721454943887703	0.873303167420814	1	0.887974125257277	2730	tags=21%, list=16%, signal=17%	2352/6573/1719/3553/10257/4524
hsa00350	Tyrosine metabolism	23	-0.276602097417708	-0.721289962003684	0.857410881801126	1	0.887974125257277	622	tags=17%, list=4%, signal=17%	131/128/314/259307
hsa04070	Phosphatidylinositol signaling system	95	0.207090004441106	0.720102772999164	0.95260663507109	1	0.887974125257277	4206	tags=25%, list=25%, signal=19%	5330/9162/23236/5579/117283/3709/9108/810/5295/5297/56623/51196/8897/8898/8821/808/8525/8503/3708/5296/9677/1040/9110/4952
hsa05135	Yersinia infection	126	0.198340379688396	0.715892541245562	0.968369829683698	1	0.887974125257277	1490	tags=8%, list=9%, signal=7%	2335/7456/2533/3676/7454/3678/7410/925/3932/5295
hsa00020	Citrate cycle (TCA cycle)	28	0.256966976606054	0.711435294399737	0.876681614349776	1	0.887974125257277	6114	tags=39%, list=37%, signal=25%	55753/3418/1738/48/1737/6389/1431/4967/8803/5091/8801
hsa03060	Protein export	30	-0.25766665355539	-0.711386914476453	0.863720073664825	1	0.887974125257277	6507	tags=50%, list=39%, signal=30%	51608/6728/9789/6731/6727/8266/3309/28972/60559/29100/83943/90701/196294/439/58477
hsa04924	Renin secretion	52	-0.234719820802045	-0.711239185997991	0.890681003584229	1	0.887974125257277	424	tags=23%, list=3%, signal=23%	5136/1909/3778/5972/5734/51806/154/5593/111/1906/1907/22802
hsa00480	Glutathione metabolism	50	0.225871009677264	0.70784861776962	0.917040358744395	1	0.887974125257277	3120	tags=24%, list=19%, signal=20%	2687/2944/2948/2939/6240/2729/26873/2730/3418/2941/2877/2539
hsa04721	Synaptic vesicle cycle	54	-0.230243236779753	-0.705487925227117	0.890459363957597	1	0.887974125257277	2050	tags=22%, list=12%, signal=20%	9296/1211/90423/8992/5864/245973/6507/525/533/245972/10815/6857
hsa00561	Glycerolipid metabolism	54	0.219186353811004	0.700965009328609	0.928899082568807	1	0.887974125257277	3921	tags=24%, list=24%, signal=18%	441282/9162/119548/1056/57016/80339/501/57678/8611/8525/231/10554/196051
hsa00603	Glycosphingolipid biosynthesis - globo and isoglobo series	15	0.285179616578614	0.698520697050353	0.831983805668016	1	0.887974125257277	133	tags=7%, list=1%, signal=7%	6483
hsa05213	Endometrial cancer	58	-0.226073731095052	-0.696498858772166	0.908602150537634	1	0.887974125257277	1245	tags=9%, list=8%, signal=8%	4616/1647/4609/110117499/10000
hsa03430	Mismatch repair	22	0.260177026818684	0.687128145085749	0.866525423728814	1	0.887974125257277	6907	tags=50%, list=42%, signal=29%	9156/5981/3978/5983/4436/5424/5985/27030/5425/5395/2956
hsa05168	Herpes simplex virus 1 infection	477	-0.173406738115626	-0.680354765836631	1	1	0.887974125257277	3548	tags=22%, list=21%, signal=17%	94039/147923/121274/6940/7568/80778/1965/9451/146542/55762/3133/163059/10780/5199/4940/388536/199777/578/342908/596/572/6431/147929/162963/3117/55552/115004/163051/84914/79818/84503/6732/100289678/3127/6009/7638/7769/84527/54807/3108/3119/147949/6890/58500/7692/117608/6347/84874/162655/199692/162993/5499/170959/9641/3113/355/7124/330/6428/641339/388567/3111/93134/51135/197320/353355/162966/3112/3117/51276/199704/6432/3134/3123/339318/344065/388558/3592/6352/148213/158431/3665/100131827/7691/637/57209/3122/101060200/56001/4938/79788/100529215/3115/29990/3109/148022/110117499/9021/10000/29992/25833/346171/8740
hsa04981	Folate transport and metabolism	24	0.252811794158064	0.678907371059022	0.878524945770065	1	0.887974125257277	2730	tags=25%, list=16%, signal=21%	2352/6573/1719/4548/10257/4524
hsa00440	Phosphonate and phosphinate metabolism	6	-0.352203102485177	-0.678278881181677	0.835030549898167	1	0.887974125257277	6104	tags=83%, list=37%, signal=53%	5130/56994/10390/5833/85465
hsa00071	Fatty acid degradation	40	0.222951150104627	0.670756954579909	0.921052631578947	1	0.887974125257277	286	tags=5%, list=2%, signal=5%	23305/126129
hsa01230	Biosynthesis of amino acids	63	-0.212397130261197	-0.667456836772952	0.945132743362832	1	0.887974125257277	2399	tags=16%, list=14%, signal=14%	95/5723/5230/65263/440/1491/445/384/229/2027
hsa00532	Glycosaminoglycan biosynthesis - chondroitin sulfate / dermatan sulfate	21	0.253298867798326	0.663081743579733	0.893528183716075	1	0.887974125257277	4453	tags=43%, list=27%, signal=31%	337876/79586/126792/54480/64132/9469/113189/22856/29940
hsa00900	Terpenoid backbone biosynthesis	22	-0.254403957528958	-0.652388756404594	0.922641509433962	1	0.887974125257277	12382	tags=55%, list=75%, signal=14%	4598/3422/23590/9453/3156/100529261/9986/10654/2339/4597/39/2224
hsa00562	Inositol phosphate metabolism	70	0.194606056388111	0.652238984653072	0.962389380530973	1	0.887974125257277	2875	tags=16%, list=17%, signal=13%	5330/23236/9108/51477/23007/5297/56623/51196/8897/8898/8821
hsa01212	Fatty acid metabolism	55	0.203237872869152	0.651645099868264	0.958429561200924	1	0.887974125257277	5773	tags=51%, list=35%, signal=33%	23305/126129/9415/33/83401/3295/201562/8310/3992/197322/51495/27349/2194/1962/10449/79966/6342/60481/2182/3030/38/31/2181/9524/3032/401494/51102/1376
hsa03008	Ribosome biogenesis in eukaryotes	77	-0.203348970362407	-0.650440339063958	0.953237410071942	1	0.887974125257277	2963	tags=17%, list=18%, signal=14%	92856/55916/51367/55651/55272/5901/10248/138716/10436/56001/29107/54913/345630
hsa04137	Mitophagy - animal	101	0.182349009515056	0.637287625396853	0.990719257540603	1	0.887974125257277	3118	tags=15%, list=19%, signal=12%	285973/5071/3091/22808/345778/387990/65018/8678/7415/10075/8408/9101/54543/9927/440738
hsa00010	Glycolysis / Gluconeogenesis	54	0.199263831845695	0.637252143301814	0.963302752293578	1	0.887974125257277	4665	tags=31%, list=28%, signal=23%	3948/5213/3098/130589/5214/127/501/5211/1738/57818/5315/226/1737/3939/387712/218/2597
hsa03018	RNA degradation	73	-0.198615641047121	-0.629396453751151	0.971274685816876	1	0.887974125257277	158	tags=16%, list=1%, signal=16%	51690/25804/23404/84186/80349/51013/56915/54766/57819/694/80336/2027
hsa00520	Amino sugar and nucleotide sugar metabolism	45	0.203107169842125	0.622368367470761	0.975929978118162	1	0.887974125257277	135	tags=2%, list=1%, signal=2%	9945
hsa05130	Pathogenic Escherichia coli infection	174	0.164227637657051	0.619169690131271	1	1	0.887974125257277	4811	tags=28%, list=29%, signal=20%	27128/7456/283446/23562/10381/203068/79861/4628/2534/4542/3553/10376/260334/79784/6093/4691/4430/2149/2768/9368/23191/3688/26999/25/5781/4643/10787/10383/4642/81027/9632/9267/1147/4641/10095/114609/2017/8936/5062/842/10427/10097/8737/2597/10972/57121/10454/7280
hsa04530	Tight junction	143	-0.173951498170133	-0.604850571998972	0.99496644295302	1	0.887974125257277	2253	tags=13%, list=14%, signal=12%	9073/9181/10627/1019/51762/3725/137075/93643/7074/1364/4637/1366/1365/100506658/50855/51421/9080/92359/5522
hsa00511	Other glycan degradation	17	-0.24709469313451	-0.598868082612196	0.915851272015656	1	0.887974125257277	6877	tags=59%, list=41%, signal=34%	4126/2517/2629/284004/3073/175/3074/57704/4758/129807
hsa01200	Carbon metabolism	101	-0.179983519756874	-0.595812648746193	0.996497373029772	1	0.887974125257277	448	tags=3%, list=3%, signal=3%	229/2027/2731
hsa00030	Pentose phosphate pathway	27	0.218326268907749	0.595382693383573	0.96127562642369	1	0.887974125257277	6234	tags=52%, list=38%, signal=32%	5213/5214/5211/2539/226/7086/22934/9563/23729/2821/5236/5634/5226/8789
hsa04980	Cobalamin transport and metabolism	17	0.236865528269872	0.593077379218573	0.94908350305499	1	0.887974125257277	1687	tags=12%, list=10%, signal=11%	25974/4548
hsa00100	Steroid biosynthesis	19	0.230514966150722	0.591165475307314	0.950515463917526	1	0.887974125257277	5730	tags=42%, list=35%, signal=28%	1591/1056/4047/6713/3930/1717/3988/1718
hsa00130	Ubiquinone and other terpenoid-quinone biosynthesis	10	-0.272056842444183	-0.589381034610366	0.917004048582996	1	0.887974125257277	5493	tags=50%, list=33%, signal=33%	154807/51004/84274/2677/79001
hsa01040	Biosynthesis of unsaturated fatty acids	25	0.216462654398711	0.586764289404187	0.953947368421053	1	0.887974125257277	4451	tags=44%, list=27%, signal=32%	9415/83401/3295/201562/8310/3992/51495/11332/79966/6342/60481
hsa04962	Vasopressin-regulated water reabsorption	39	-0.203273712166621	-0.584819665968018	0.966728280961183	1	0.887974125257277	2776	tags=13%, list=17%, signal=11%	360/148327/84516/397/9586
hsa05131	Shigellosis	226	0.14774568180528	0.583607763097211	1	1	0.887974125257277	3118	tags=14%, list=19%, signal=12%	27128/126961/5330/1437/23236/83660/3709/8353/3678/87/472/5295/3553/7094/5588/3098/55964/2475/7188/8678/51196/199746/8355/6093/57521/7335/58498/7307/3688/4303/23291/440738
hsa00740	Riboflavin metabolism	8	0.272365767168677	0.575858414781521	0.934393638170974	1	0.887974125257277	1291	tags=12%, list=8%, signal=12%	5167
hsa00280	Valine, leucine and isoleucine degradation	46	0.185396708810587	0.570910601446868	0.991130820399113	1	0.887974125257277	1136	tags=7%, list=7%, signal=6%	316/64064/18
hsa03020	RNA polymerase	34	-0.200773999454845	-0.563234753358703	0.98158379373849	1	0.887974125257277	4507	tags=44%, list=27%, signal=32%	84265/5433/5439/10623/5438/5432/661/10622/51082/246721/5437/9533/5436/30834/5435
hsa04140	Autophagy - animal	162	-0.158948599088639	-0.562661010479068	0.998336106489185	1	0.887974125257277	410	tags=15%, list=2%, signal=15%	1612/6199/1965/9451/9474/11345/596/572/8878/7314/6009/8417/81671/203228/83734/84938/3667/8673/8660/110117499/643246/116442/10000/118471
hsa00410	beta-Alanine metabolism	25	-0.20901401957462	-0.559813748153571	0.972527472527473	1	0.887974125257277	4394	tags=32%, list=26%, signal=24%	26275/224/35/51380/4329/219/2571/314
hsa05211	Renal cell carcinoma	66	-0.173226154152109	-0.548820790441273	0.994746059544658	1	0.887974125257277	3124	tags=15%, list=19%, signal=12%	572/5908/6923/9978/112399/4233/3725/2113/110117499/10000
hsa00513	Various types of N-glycan biosynthesis	41	0.181499785712867	0.546004320681059	0.997787610619469	1	0.887974125257277	4454	tags=24%, list=27%, signal=18%	338707/4121/2683/4122/152586/79796/7991/6185/10905/8703
hsa00531	Glycosaminoglycan degradation	17	-0.221697196575356	-0.537313745387922	0.958904109589041	1	0.887974125257277	1745	tags=12%, list=11%, signal=11%	3373/10855
hsa05212	Pancreatic cancer	77	-0.166455662147957	-0.532431893476893	0.998201438848921	1	0.887974125257277	1465	tags=14%, list=9%, signal=13%	6199/1870/578/572/10912/1019/1029/4616/1647/110117499/10000
hsa03082	ATP-dependent chromatin remodeling	103	-0.159604520104921	-0.52780931783087	1	1	0.887974125257277	3632	tags=17%, list=22%, signal=14%	8110/8089/5977/71/55766/29844/3065/9274/8338/10467/8330/29998/8334/3012/92815/29994/8329/8332
hsa05132	Salmonella infection	230	-0.14210572990759	-0.525318078388819	1	1	0.887974125257277	4734	tags=24%, list=29%, signal=18%	84790/3569/329/55860/54205/10093/5970/10120/10094/840/9265/197259/7846/375189/10392/3551/581/26263/4792/841/6237/60/4615/23118/25828/79792/5420/71/83547/388/578/596/9367/6993/103910/5287/834/837/51176/7099/6188/7124/10627/84516/330/51135/11258/3725/8797/4636/4609/9844/2353/4671/3576/10000
hsa04120	Ubiquitin mediated proteolysis	138	0.14127034021636	0.512921038098811	1	1	0.887974125257277	3342	tags=17%, list=20%, signal=14%	5071/672/23221/64682/991/9820/868/51366/8916/1642/26232/10075/8925/7337/4734/10401/7317/23291/7327/55294/9886/8452/9320/63893
hsa03040	Spliceosome	132	0.140246519603036	0.507027983584643	1	1	0.887974125257277	4025	tags=23%, list=24%, signal=17%	144983/8449/4670/9879/9716/6625/9785/10915/199746/642659/9092/51729/3192/7307/4686/988/220988/23020/24148/10523/392517/10992/55660/6626/57187/3190/3178/58517/23451/22916
hsa00920	Sulfur metabolism	10	-0.232396913431396	-0.503462188445247	0.965587044534413	1	0.887974125257277	12744	tags=40%, list=77%, signal=9%	23474/4357/58472/7263
hsa03450	Non-homologous end-joining	12	-0.208112036280697	-0.469462128557182	0.985887096774194	1	0.887974125257277	1072	tags=25%, list=6%, signal=23%	27434/27343/64421
hsa04142	Lysosome	130	0.128682336168669	0.467279474336103	1	1	0.887974125257277	6154	tags=39%, list=37%, signal=25%	1510/20/23335/8218/23431/2588/1213/3916/2548/537/2581/2799/5660/1522/3425/1519/162/8546/8907/23659/535/8906/79158/2760/53/23312/1497/285362/4125/1212/1201/8943/5641/26088/410/3988/55353/1200/51606/164/8372/950/10947/54/2990/1514/2720/50617/57192/4074/57707
hsa03410	Base excision repair	44	-0.151623628654894	-0.445873243239764	1	1	0.887974125257277	2263	tags=25%, list=14%, signal=22%	54107/328/5982/4968/27343/4913/5423/23583/4595/4350/56655
hsa04141	Protein processing in endoplasmic reticulum	161	-0.121158566166003	-0.428755225000911	1	1	0.887974125257277	3615	tags=26%, list=22%, signal=21%	56681/55432/51619/5599/3309/55741/57134/3303/6048/10273/811/1603/581/3304/6747/84061/51009/55829/258010/9709/7323/3337/1965/9451/23645/56605/10960/3312/6748/578/596/26270/468/10113/58505/6746/9978/118424/7353/51128/1649/85479
hsa03030	DNA replication	35	0.142403935010287	0.41991218116073	1	1	0.887974125257277	4166	tags=23%, list=25%, signal=17%	4171/5981/3978/4175/4172/1763/5983/4173
hsa00563	Glycosylphosphatidylinositol (GPI)-anchor biosynthesis	29	0.143460679582353	0.398591804478534	1	1	0.887974125257277	14221	tags=100%, list=86%, signal=14%	2822/9091/9488/51604/84720/93183/94005/80235/93210/8705/284098/10026/54872/8733/54965/23556/80055/51227/128869/5277/27315/65258/84302/55650/5281/8818/5283/9487/5279
